Date,Close
12/9/2013 16:00:00,24.6
12/10/2013 16:00:00,24.88
12/11/2013 16:00:00,25.99
12/12/2013 16:00:00,25.45
12/13/2013 16:00:00,26.23
12/16/2013 16:00:00,26.61
12/17/2013 16:00:00,26.1
12/18/2013 16:00:00,26.23
12/19/2013 16:00:00,26.12
12/20/2013 16:00:00,26.33
12/23/2013 16:00:00,26.18
12/24/2013 16:00:00,26.25
12/26/2013 16:00:00,26.13
12/27/2013 16:00:00,24.94
12/30/2013 16:00:00,24.78
12/31/2013 16:00:00,25.25
1/2/2014 16:00:00,25.36
1/3/2014 16:00:00,26.54
1/6/2014 16:00:00,27.03
1/7/2014 16:00:00,26.91
1/8/2014 16:00:00,27.63
1/9/2014 16:00:00,29.42
1/10/2014 16:00:00,29.35
1/13/2014 16:00:00,28.65
1/14/2014 16:00:00,28.87
1/15/2014 16:00:00,28.84
1/16/2014 16:00:00,29.34
1/17/2014 16:00:00,30.02
1/21/2014 16:00:00,30.66
1/22/2014 16:00:00,31.2
1/23/2014 16:00:00,31.35
1/24/2014 16:00:00,30.4
1/27/2014 16:00:00,30.18
1/28/2014 16:00:00,31.96
1/29/2014 16:00:00,32.98
1/30/2014 16:00:00,33.8
1/31/2014 16:00:00,33.55
2/3/2014 16:00:00,33.96
2/4/2014 16:00:00,34.05
2/5/2014 16:00:00,33.8
2/6/2014 16:00:00,34.66
2/7/2014 16:00:00,35.67
2/10/2014 16:00:00,35.58
2/11/2014 16:00:00,35.13
2/12/2014 16:00:00,34.69
2/13/2014 16:00:00,35.03
2/14/2014 16:00:00,34.41
2/18/2014 16:00:00,34.31
2/19/2014 16:00:00,34.59
2/20/2014 16:00:00,35.66
2/21/2014 16:00:00,36.17
2/24/2014 16:00:00,36.65
2/25/2014 16:00:00,37
2/26/2014 16:00:00,36.75
2/27/2014 16:00:00,36.56
2/28/2014 16:00:00,36.93
3/3/2014 16:00:00,36.1
3/4/2014 16:00:00,37.34
3/5/2014 16:00:00,37.86
3/6/2014 16:00:00,38.81
3/7/2014 16:00:00,39.02
3/10/2014 16:00:00,38.96
3/11/2014 16:00:00,38.08
3/12/2014 16:00:00,37.56
3/13/2014 16:00:00,36.74
3/14/2014 16:00:00,36.34
3/17/2014 16:00:00,37.7
3/18/2014 16:00:00,37.35
3/19/2014 16:00:00,37.08
3/20/2014 16:00:00,36.56
3/21/2014 16:00:00,36.11
3/24/2014 16:00:00,36.8
3/25/2014 16:00:00,37.9
3/26/2014 16:00:00,36.7
3/27/2014 16:00:00,35.77
3/28/2014 16:00:00,35.39
3/31/2014 16:00:00,36.6
4/1/2014 16:00:00,37.94
4/2/2014 16:00:00,37.71
4/3/2014 16:00:00,37.34
4/4/2014 16:00:00,36.56
4/7/2014 16:00:00,35.78
4/8/2014 16:00:00,35.98
4/9/2014 16:00:00,36.9
4/10/2014 16:00:00,35.29
4/11/2014 16:00:00,33.68
4/14/2014 16:00:00,33.37
4/15/2014 16:00:00,33.72
4/16/2014 16:00:00,35.51
4/17/2014 16:00:00,35.4
4/21/2014 16:00:00,35.67
4/22/2014 16:00:00,36.16
4/23/2014 16:00:00,37.09
4/24/2014 16:00:00,37.26
4/25/2014 16:00:00,36
4/28/2014 16:00:00,35.16
4/29/2014 16:00:00,35.51
4/30/2014 16:00:00,35.07
5/1/2014 16:00:00,36.39
5/2/2014 16:00:00,36.49
5/5/2014 16:00:00,36.6
5/6/2014 16:00:00,36.67
5/7/2014 16:00:00,37.22
5/8/2014 16:00:00,38.25
5/9/2014 16:00:00,38.26
5/12/2014 16:00:00,39.39
5/13/2014 16:00:00,39.31
5/14/2014 16:00:00,38.84
5/15/2014 16:00:00,38.19
5/16/2014 16:00:00,38.53
5/19/2014 16:00:00,38.57
5/20/2014 16:00:00,38.24
5/21/2014 16:00:00,38.32
5/22/2014 16:00:00,38.72
5/23/2014 16:00:00,39.11
5/27/2014 16:00:00,39.35
5/28/2014 16:00:00,39.8
5/29/2014 16:00:00,39.82
5/30/2014 16:00:00,40.16
6/2/2014 16:00:00,41.22
6/3/2014 16:00:00,41.44
6/4/2014 16:00:00,42.82
6/5/2014 16:00:00,42.41
6/6/2014 16:00:00,43.88
6/9/2014 16:00:00,43.59
6/10/2014 16:00:00,43.66
6/11/2014 16:00:00,42.29
6/12/2014 16:00:00,40.2
6/13/2014 16:00:00,40.38
6/16/2014 16:00:00,41.06
6/17/2014 16:00:00,41.87
6/18/2014 16:00:00,42.66
6/19/2014 16:00:00,43.06
6/20/2014 16:00:00,44.55
6/23/2014 16:00:00,44.36
6/24/2014 16:00:00,43.18
6/25/2014 16:00:00,43.91
6/26/2014 16:00:00,44.55
6/27/2014 16:00:00,44
6/30/2014 16:00:00,42.96
7/1/2014 16:00:00,43.86
7/2/2014 16:00:00,41.95
7/3/2014 16:00:00,41.62
7/7/2014 16:00:00,40.1
7/8/2014 16:00:00,40.26
7/9/2014 16:00:00,41.99
7/10/2014 16:00:00,42.82
7/11/2014 16:00:00,42.88
7/14/2014 16:00:00,42.98
7/15/2014 16:00:00,43.7
7/16/2014 16:00:00,43.48
7/17/2014 16:00:00,41.7
7/18/2014 16:00:00,42.92
7/21/2014 16:00:00,42.48
7/22/2014 16:00:00,42.38
7/23/2014 16:00:00,43.33
7/24/2014 16:00:00,42.16
7/25/2014 16:00:00,41.68
7/28/2014 16:00:00,40.29
7/29/2014 16:00:00,39.53
7/30/2014 16:00:00,39.55
7/31/2014 16:00:00,38.85
8/1/2014 16:00:00,39.43
8/4/2014 16:00:00,38.14
8/5/2014 16:00:00,37.18
8/6/2014 16:00:00,37.46
8/7/2014 16:00:00,36.86
8/8/2014 16:00:00,37.18
8/11/2014 16:00:00,37.97
8/12/2014 16:00:00,37.52
8/13/2014 16:00:00,38.12
8/14/2014 16:00:00,39.57
8/15/2014 16:00:00,39.19
8/18/2014 16:00:00,40.66
8/19/2014 16:00:00,40.43
8/20/2014 16:00:00,40.6
8/21/2014 16:00:00,39.51
8/22/2014 16:00:00,39.85
8/25/2014 16:00:00,39.42
8/26/2014 16:00:00,39.09
8/27/2014 16:00:00,38.99
8/28/2014 16:00:00,39.17
8/29/2014 16:00:00,38.88
9/2/2014 16:00:00,40.5
9/3/2014 16:00:00,39.14
9/4/2014 16:00:00,38.47
9/5/2014 16:00:00,37.85
9/8/2014 16:00:00,38.23
9/9/2014 16:00:00,37.96
9/10/2014 16:00:00,38.58
9/11/2014 16:00:00,38.09
9/12/2014 16:00:00,37.65
9/15/2014 16:00:00,37.07
9/16/2014 16:00:00,37.98
9/17/2014 16:00:00,37.46
9/18/2014 16:00:00,38.05
9/19/2014 16:00:00,36.63
9/22/2014 16:00:00,35.58
9/23/2014 16:00:00,35.33
9/24/2014 16:00:00,36.12
9/25/2014 16:00:00,35.21
9/26/2014 16:00:00,35.93
9/29/2014 16:00:00,35.03
9/30/2014 16:00:00,35.48
10/1/2014 16:00:00,34.39
10/2/2014 16:00:00,33.93
10/3/2014 16:00:00,36.23
10/6/2014 16:00:00,34.93
10/7/2014 16:00:00,34.09
10/8/2014 16:00:00,33
10/9/2014 16:00:00,31.98
10/10/2014 16:00:00,30.78
10/13/2014 16:00:00,28.58
10/14/2014 16:00:00,31.51
10/15/2014 16:00:00,31.69
10/16/2014 16:00:00,32.97
10/17/2014 16:00:00,33.38
10/20/2014 16:00:00,35.22
10/21/2014 16:00:00,37.85
10/22/2014 16:00:00,37.04
10/23/2014 16:00:00,38.48
10/24/2014 16:00:00,39.82
10/27/2014 16:00:00,39.91
10/28/2014 16:00:00,40.24
10/29/2014 16:00:00,39.94
10/30/2014 16:00:00,40.3
10/31/2014 16:00:00,41.35
11/3/2014 16:00:00,42
11/4/2014 16:00:00,42.7
11/5/2014 16:00:00,42.25
11/6/2014 16:00:00,43.14
11/7/2014 16:00:00,43.2
11/10/2014 16:00:00,43.83
11/11/2014 16:00:00,43.44
11/12/2014 16:00:00,43.43
11/13/2014 16:00:00,44.12
11/14/2014 16:00:00,44.01
11/17/2014 16:00:00,43.69
11/18/2014 16:00:00,45.05
11/19/2014 16:00:00,44.1
11/20/2014 16:00:00,44.16
11/21/2014 16:00:00,43.31
11/24/2014 16:00:00,43.21
11/25/2014 16:00:00,44.15
11/26/2014 16:00:00,44.97
11/28/2014 16:00:00,48.53
12/1/2014 16:00:00,47.88
12/2/2014 16:00:00,47.86
12/3/2014 16:00:00,48.24
12/4/2014 16:00:00,49.65
12/5/2014 16:00:00,51.01
12/8/2014 16:00:00,50.82
12/9/2014 16:00:00,48.31
12/10/2014 16:00:00,48.94
12/11/2014 16:00:00,50.53
12/12/2014 16:00:00,49.97
12/15/2014 16:00:00,50.84
12/16/2014 16:00:00,47.96
12/17/2014 16:00:00,48.8
12/18/2014 16:00:00,50.14
12/19/2014 16:00:00,50.71
12/22/2014 16:00:00,50.84
12/23/2014 16:00:00,50.21
12/24/2014 16:00:00,51.43
12/26/2014 16:00:00,51.96
12/29/2014 16:00:00,52.85
12/30/2014 16:00:00,53.42
12/31/2014 16:00:00,53.63
1/2/2015 16:00:00,53.91
1/5/2015 16:00:00,53.88
1/6/2015 16:00:00,53.04
1/7/2015 16:00:00,53.01
1/8/2015 16:00:00,53.66
1/9/2015 16:00:00,52.02
1/12/2015 16:00:00,49.58
1/13/2015 16:00:00,50.4
1/14/2015 16:00:00,49.41
1/15/2015 16:00:00,49.41
1/16/2015 16:00:00,49.81
1/20/2015 16:00:00,52.75
1/21/2015 16:00:00,53.67
1/22/2015 16:00:00,55.59
1/23/2015 16:00:00,55.69
1/26/2015 16:00:00,55.45
1/27/2015 16:00:00,52.7
1/28/2015 16:00:00,50.62
1/29/2015 16:00:00,52.24
1/30/2015 16:00:00,49.08
2/2/2015 16:00:00,48.72
2/3/2015 16:00:00,47.5
2/4/2015 16:00:00,49.46
2/5/2015 16:00:00,48.81
2/6/2015 16:00:00,48.15
2/9/2015 16:00:00,46.53
2/10/2015 16:00:00,48.05
2/11/2015 16:00:00,47.59
2/12/2015 16:00:00,47.88
2/13/2015 16:00:00,48.39
2/17/2015 16:00:00,48.01
2/18/2015 16:00:00,49.31
2/19/2015 16:00:00,49.78
2/20/2015 16:00:00,51.02
2/23/2015 16:00:00,51.31
2/24/2015 16:00:00,51.52
2/25/2015 16:00:00,49.73
2/26/2015 16:00:00,49.35
2/27/2015 16:00:00,47.9
3/2/2015 16:00:00,48.31
3/3/2015 16:00:00,48.77
3/4/2015 16:00:00,48.95
3/5/2015 16:00:00,48.4
3/6/2015 16:00:00,48
3/9/2015 16:00:00,47.92
3/10/2015 16:00:00,46.74
3/11/2015 16:00:00,47.39
3/12/2015 16:00:00,48.68
3/13/2015 16:00:00,49.22
3/16/2015 16:00:00,50.22
3/17/2015 16:00:00,53.69
3/18/2015 16:00:00,54.13
3/19/2015 16:00:00,55.19
3/20/2015 16:00:00,55.76
3/23/2015 16:00:00,54.4
3/24/2015 16:00:00,53.93
3/25/2015 16:00:00,52.01
3/26/2015 16:00:00,51.27
3/27/2015 16:00:00,52.66
3/30/2015 16:00:00,53.64
3/31/2015 16:00:00,52.78
4/1/2015 16:00:00,50.44
4/2/2015 16:00:00,49.18
4/6/2015 16:00:00,48.08
4/7/2015 16:00:00,47.5
4/8/2015 16:00:00,48.74
4/9/2015 16:00:00,47.84
4/10/2015 16:00:00,47.73
4/13/2015 16:00:00,47.79
4/14/2015 16:00:00,47.42
4/15/2015 16:00:00,47.75
4/16/2015 16:00:00,48.24
4/17/2015 16:00:00,48.19
4/20/2015 16:00:00,49.76
4/21/2015 16:00:00,51.36
4/22/2015 16:00:00,51.4
4/23/2015 16:00:00,51.45
4/24/2015 16:00:00,52.71
4/27/2015 16:00:00,51.87
4/28/2015 16:00:00,51.19
4/29/2015 16:00:00,48.88
4/30/2015 16:00:00,48.29
5/1/2015 16:00:00,49.39
5/4/2015 16:00:00,48.95
5/5/2015 16:00:00,47.01
5/6/2015 16:00:00,47.05
5/7/2015 16:00:00,49.06
5/8/2015 16:00:00,49.04
5/11/2015 16:00:00,49.65
5/12/2015 16:00:00,48.85
5/13/2015 16:00:00,48.49
5/14/2015 16:00:00,48.82
5/15/2015 16:00:00,48.67
5/18/2015 16:00:00,49
5/19/2015 16:00:00,47.85
5/20/2015 16:00:00,43.06
5/21/2015 16:00:00,42.47
5/22/2015 16:00:00,42.61
5/26/2015 16:00:00,41.56
5/27/2015 16:00:00,42.24
5/28/2015 16:00:00,41.97
5/29/2015 16:00:00,42.37
6/1/2015 16:00:00,44.18
6/2/2015 16:00:00,43.78
6/3/2015 16:00:00,43.13
6/4/2015 16:00:00,42.17
6/5/2015 16:00:00,41.72
6/8/2015 16:00:00,39.86
6/9/2015 16:00:00,40.33
6/10/2015 16:00:00,40.43
6/11/2015 16:00:00,40.02
6/12/2015 16:00:00,40.71
6/15/2015 16:00:00,40.07
6/16/2015 16:00:00,39.48
6/17/2015 16:00:00,39.88
6/18/2015 16:00:00,39.98
6/19/2015 16:00:00,41.56
6/22/2015 16:00:00,43.03
6/23/2015 16:00:00,42.73
6/24/2015 16:00:00,42.24
6/25/2015 16:00:00,42.24
6/26/2015 16:00:00,41.44
6/29/2015 16:00:00,39.75
6/30/2015 16:00:00,39.94
7/1/2015 16:00:00,38.8
7/2/2015 16:00:00,39.03
7/6/2015 16:00:00,39.73
7/7/2015 16:00:00,40.67
7/8/2015 16:00:00,39.31
7/9/2015 16:00:00,39.67
7/10/2015 16:00:00,41.21
7/13/2015 16:00:00,42.42
7/14/2015 16:00:00,42.06
7/15/2015 16:00:00,41.54
7/16/2015 16:00:00,41.39
7/17/2015 16:00:00,41.4
7/20/2015 16:00:00,40.55
7/21/2015 16:00:00,40.9
7/22/2015 16:00:00,41.43
7/23/2015 16:00:00,42.61
7/24/2015 16:00:00,39.63
7/27/2015 16:00:00,40.14
7/28/2015 16:00:00,41.17
7/29/2015 16:00:00,40.73
7/30/2015 16:00:00,40.27
7/31/2015 16:00:00,40.1
8/3/2015 16:00:00,41.71
8/4/2015 16:00:00,42.74
8/5/2015 16:00:00,42.96
8/6/2015 16:00:00,42.18
8/7/2015 16:00:00,41.49
8/10/2015 16:00:00,41.68
8/11/2015 16:00:00,42.7
8/12/2015 16:00:00,42.52
8/13/2015 16:00:00,42.67
8/14/2015 16:00:00,42.88
8/17/2015 16:00:00,43.95
8/18/2015 16:00:00,43.63
8/19/2015 16:00:00,43.53
8/20/2015 16:00:00,41.98
8/21/2015 16:00:00,39.75
8/24/2015 16:00:00,37.62
8/25/2015 16:00:00,37.5
8/26/2015 16:00:00,38.85
8/27/2015 16:00:00,39.03
8/28/2015 16:00:00,38.62
8/31/2015 16:00:00,38.98
9/1/2015 16:00:00,39.2
9/2/2015 16:00:00,41.51
9/3/2015 16:00:00,40.89
9/4/2015 16:00:00,40.6
9/8/2015 16:00:00,40.8
9/9/2015 16:00:00,41
9/10/2015 16:00:00,41.21
9/11/2015 16:00:00,42.15
9/14/2015 16:00:00,42.29
9/15/2015 16:00:00,42.64
9/16/2015 16:00:00,43.06
9/17/2015 16:00:00,43.99
9/18/2015 16:00:00,43.49
9/21/2015 16:00:00,43.23
9/22/2015 16:00:00,41.19
9/23/2015 16:00:00,41.24
9/24/2015 16:00:00,40.25
9/25/2015 16:00:00,40.24
9/28/2015 16:00:00,39.08
9/29/2015 16:00:00,39.18
9/30/2015 16:00:00,38.83
10/1/2015 16:00:00,39.2
10/2/2015 16:00:00,38.63
10/5/2015 16:00:00,40.19
10/6/2015 16:00:00,38.13
10/7/2015 16:00:00,39.31
10/8/2015 16:00:00,39.74
10/9/2015 16:00:00,42.42
10/12/2015 16:00:00,43.84
10/13/2015 16:00:00,43.41
10/14/2015 16:00:00,43.8
10/15/2015 16:00:00,44.46
10/16/2015 16:00:00,43.71
10/19/2015 16:00:00,44.45
10/20/2015 16:00:00,44.79
10/21/2015 16:00:00,44.31
10/22/2015 16:00:00,45.99
10/23/2015 16:00:00,45.67
10/26/2015 16:00:00,46.47
10/27/2015 16:00:00,46.46
10/28/2015 16:00:00,45.86
10/29/2015 16:00:00,45.86
10/30/2015 16:00:00,46.22
11/2/2015 16:00:00,46.47
11/3/2015 16:00:00,46.5
11/4/2015 16:00:00,45.63
11/5/2015 16:00:00,45.6
11/6/2015 16:00:00,45.34
11/9/2015 16:00:00,44.65
11/10/2015 16:00:00,44.49
11/11/2015 16:00:00,44.39
11/12/2015 16:00:00,43.9
11/13/2015 16:00:00,43.45
11/16/2015 16:00:00,42.83
11/17/2015 16:00:00,42.3
11/18/2015 16:00:00,41.75
11/19/2015 16:00:00,42.3
11/20/2015 16:00:00,42.2
11/23/2015 16:00:00,42.3
11/24/2015 16:00:00,41.23
11/25/2015 16:00:00,41.31
11/27/2015 16:00:00,41.69
11/30/2015 16:00:00,41.26
12/1/2015 16:00:00,43.26
12/2/2015 16:00:00,43.82
12/3/2015 16:00:00,43.27
12/4/2015 16:00:00,44.97
12/7/2015 16:00:00,45.78
12/8/2015 16:00:00,44.55
12/9/2015 16:00:00,43.65
12/10/2015 16:00:00,44.09
12/11/2015 16:00:00,42.09
12/14/2015 16:00:00,41.77
12/15/2015 16:00:00,42.6
12/16/2015 16:00:00,43.2
12/17/2015 16:00:00,42.46
12/18/2015 16:00:00,41.09
12/21/2015 16:00:00,42.4
12/22/2015 16:00:00,42.9
12/23/2015 16:00:00,43.29
12/24/2015 16:00:00,43.81
12/28/2015 16:00:00,43.23
12/29/2015 16:00:00,43.5
12/30/2015 16:00:00,42.8
12/31/2015 16:00:00,42.35
1/4/2016 16:00:00,40.91
1/5/2016 16:00:00,40.52
1/6/2016 16:00:00,41.23
1/7/2016 16:00:00,40.45
1/8/2016 16:00:00,40.37
1/11/2016 16:00:00,41.08
1/12/2016 16:00:00,42
1/13/2016 16:00:00,40.1
1/14/2016 16:00:00,40.55
1/15/2016 16:00:00,38.76
1/19/2016 16:00:00,38.86
1/20/2016 16:00:00,39.06
1/21/2016 16:00:00,39.79
1/22/2016 16:00:00,40.16
1/25/2016 16:00:00,38.88
1/26/2016 16:00:00,39.64
1/27/2016 16:00:00,39.69
1/28/2016 16:00:00,38.14
1/29/2016 16:00:00,38.99
2/1/2016 16:00:00,39.38
2/2/2016 16:00:00,37.03
2/3/2016 16:00:00,37.51
2/4/2016 16:00:00,38.21
2/5/2016 16:00:00,36.75
2/8/2016 16:00:00,35.55
2/9/2016 16:00:00,36.19
2/10/2016 16:00:00,37.12
2/11/2016 16:00:00,36.49
2/12/2016 16:00:00,37.82
2/16/2016 16:00:00,38.61
2/17/2016 16:00:00,39.34
2/18/2016 16:00:00,39.54
2/19/2016 16:00:00,39.76
2/22/2016 16:00:00,40.84
2/23/2016 16:00:00,40.38
2/24/2016 16:00:00,40.66
2/25/2016 16:00:00,41.36
2/26/2016 16:00:00,40.87
2/29/2016 16:00:00,41
3/1/2016 16:00:00,41.83
3/2/2016 16:00:00,41.59
3/3/2016 16:00:00,41.88
3/4/2016 16:00:00,41.63
3/7/2016 16:00:00,42.13
3/8/2016 16:00:00,40.77
3/9/2016 16:00:00,41.65
3/10/2016 16:00:00,41.63
3/11/2016 16:00:00,42.47
3/14/2016 16:00:00,42.59
3/15/2016 16:00:00,42.11
3/16/2016 16:00:00,42.31
3/17/2016 16:00:00,42.1
3/18/2016 16:00:00,43.44
3/21/2016 16:00:00,43.47
3/22/2016 16:00:00,42.76
3/23/2016 16:00:00,41.92
3/24/2016 16:00:00,40.5
3/28/2016 16:00:00,40.91
3/29/2016 16:00:00,41.35
3/30/2016 16:00:00,41.38
3/31/2016 16:00:00,41.01
4/1/2016 16:00:00,39.52
4/4/2016 16:00:00,39.37
4/5/2016 16:00:00,38.93
4/6/2016 16:00:00,38.9
4/7/2016 16:00:00,38.36
4/8/2016 16:00:00,38.5
4/11/2016 16:00:00,38.73
4/12/2016 16:00:00,39.19
4/13/2016 16:00:00,39.94
4/14/2016 16:00:00,41.17
4/15/2016 16:00:00,40.91
4/18/2016 16:00:00,40.92
4/19/2016 16:00:00,41.34
4/20/2016 16:00:00,41.26
4/21/2016 16:00:00,40.01
4/22/2016 16:00:00,38.21
4/25/2016 16:00:00,37
4/26/2016 16:00:00,36.92
4/27/2016 16:00:00,36.71
4/28/2016 16:00:00,35.97
4/29/2016 16:00:00,34.69
5/2/2016 16:00:00,34.43
5/3/2016 16:00:00,34.58
5/4/2016 16:00:00,33.21
5/5/2016 16:00:00,32.81
5/6/2016 16:00:00,33.03
5/9/2016 16:00:00,32.94
5/10/2016 16:00:00,33.77
5/11/2016 16:00:00,32.86
5/12/2016 16:00:00,31.33
5/13/2016 16:00:00,31.51
5/16/2016 16:00:00,32.12
5/17/2016 16:00:00,32.64
5/18/2016 16:00:00,32.61
5/19/2016 16:00:00,32.15
5/20/2016 16:00:00,32.01
5/23/2016 16:00:00,31.73
5/24/2016 16:00:00,32.15
5/25/2016 16:00:00,32.17
5/26/2016 16:00:00,31.51
5/27/2016 16:00:00,31.65
5/31/2016 16:00:00,31.91
6/1/2016 16:00:00,31.95
6/2/2016 16:00:00,31.67
6/3/2016 16:00:00,30.81
6/6/2016 16:00:00,31.26
6/7/2016 16:00:00,32.36
6/8/2016 16:00:00,32.51
6/9/2016 16:00:00,33.4
6/10/2016 16:00:00,33.14
6/13/2016 16:00:00,31.8
6/14/2016 16:00:00,30.36
6/15/2016 16:00:00,30.49
6/16/2016 16:00:00,29.14
6/17/2016 16:00:00,29.34
6/20/2016 16:00:00,29.71
6/21/2016 16:00:00,30.02
6/22/2016 16:00:00,29.89
6/23/2016 16:00:00,30.33
6/24/2016 16:00:00,27.05
6/27/2016 16:00:00,25.27
6/28/2016 16:00:00,26.77
6/29/2016 16:00:00,27.7
6/30/2016 16:00:00,28.31
7/1/2016 16:00:00,29.33
7/5/2016 16:00:00,28.93
7/6/2016 16:00:00,28.35
7/7/2016 16:00:00,29.4
7/8/2016 16:00:00,30.04
7/11/2016 16:00:00,31.16
7/12/2016 16:00:00,34.66
7/13/2016 16:00:00,34.45
7/14/2016 16:00:00,35.88
7/15/2016 16:00:00,35.89
7/18/2016 16:00:00,36.03
7/19/2016 16:00:00,36.01
7/20/2016 16:00:00,35.92
7/21/2016 16:00:00,34.96
7/22/2016 16:00:00,36.36
7/25/2016 16:00:00,35.8
7/26/2016 16:00:00,36.55
7/27/2016 16:00:00,36.2
7/28/2016 16:00:00,36.34
7/29/2016 16:00:00,35.5
8/1/2016 16:00:00,35.6
8/2/2016 16:00:00,33.51
8/3/2016 16:00:00,33.48
8/4/2016 16:00:00,33.58
8/5/2016 16:00:00,34.44
8/8/2016 16:00:00,34.35
8/9/2016 16:00:00,34.59
8/10/2016 16:00:00,34.18
8/11/2016 16:00:00,34.96
8/12/2016 16:00:00,34.92
8/15/2016 16:00:00,35.87
8/16/2016 16:00:00,36.75
8/17/2016 16:00:00,36.6
8/18/2016 16:00:00,36.67
8/19/2016 16:00:00,36.49
8/22/2016 16:00:00,36
8/23/2016 16:00:00,36.4
8/24/2016 16:00:00,36.65
8/25/2016 16:00:00,36.72
8/26/2016 16:00:00,36.23
8/29/2016 16:00:00,36.17
8/30/2016 16:00:00,37.05
8/31/2016 16:00:00,36.3
9/1/2016 16:00:00,36.24
9/2/2016 16:00:00,36.53
9/6/2016 16:00:00,36.96
9/7/2016 16:00:00,38.75
9/8/2016 16:00:00,39.35
9/9/2016 16:00:00,38.49
9/12/2016 16:00:00,38.34
9/13/2016 16:00:00,37.37
9/14/2016 16:00:00,36.39
9/15/2016 16:00:00,36.41
9/16/2016 16:00:00,35.49
9/19/2016 16:00:00,35.44
9/20/2016 16:00:00,35.15
9/21/2016 16:00:00,34.67
9/22/2016 16:00:00,35.25
9/23/2016 16:00:00,35.55
9/26/2016 16:00:00,34.93
9/27/2016 16:00:00,36
9/28/2016 16:00:00,35.84
9/29/2016 16:00:00,35.82
9/30/2016 16:00:00,36.61
10/3/2016 16:00:00,37.7
10/4/2016 16:00:00,37.63
10/5/2016 16:00:00,37.87
10/6/2016 16:00:00,38.17
10/7/2016 16:00:00,37.73
10/10/2016 16:00:00,38.89
10/11/2016 16:00:00,38.2
10/12/2016 16:00:00,37.38
10/13/2016 16:00:00,39.24
10/14/2016 16:00:00,38.65
10/17/2016 16:00:00,38.58
10/18/2016 16:00:00,39.35
10/19/2016 16:00:00,40.63
10/20/2016 16:00:00,40.59
10/21/2016 16:00:00,39.9
10/24/2016 16:00:00,39.83
10/25/2016 16:00:00,39.69
10/26/2016 16:00:00,39.32
10/27/2016 16:00:00,39.91
10/28/2016 16:00:00,40.06
10/31/2016 16:00:00,40.6
11/1/2016 16:00:00,39.8
11/2/2016 16:00:00,39.71
11/3/2016 16:00:00,39.38
11/4/2016 16:00:00,39.74
11/7/2016 16:00:00,41.49
11/8/2016 16:00:00,41.7
11/9/2016 16:00:00,42.41
11/10/2016 16:00:00,42.3
11/11/2016 16:00:00,42.93
11/14/2016 16:00:00,43.4
11/15/2016 16:00:00,44.76
11/16/2016 16:00:00,44.45
11/17/2016 16:00:00,45.83
11/18/2016 16:00:00,46.26
11/21/2016 16:00:00,46.08
11/22/2016 16:00:00,46.08
11/23/2016 16:00:00,46.34
11/25/2016 16:00:00,46.82
11/28/2016 16:00:00,46.5
11/29/2016 16:00:00,46.89
11/30/2016 16:00:00,46.44
12/1/2016 16:00:00,45.75
12/2/2016 16:00:00,46.1
12/5/2016 16:00:00,45.72
12/6/2016 16:00:00,46.43
12/7/2016 16:00:00,48.65
12/8/2016 16:00:00,48.05
12/9/2016 16:00:00,49.64
12/12/2016 16:00:00,47.59
12/13/2016 16:00:00,47.84
12/14/2016 16:00:00,47.92
12/15/2016 16:00:00,48.3
12/16/2016 16:00:00,47.63
12/19/2016 16:00:00,48.58
12/20/2016 16:00:00,49.22
12/21/2016 16:00:00,49.47
12/22/2016 16:00:00,48.69
12/23/2016 16:00:00,48.48
12/27/2016 16:00:00,48.61
12/28/2016 16:00:00,47.67
12/29/2016 16:00:00,47.25
12/30/2016 16:00:00,46.69
1/3/2017 16:00:00,46.3
1/4/2017 16:00:00,46.7
1/5/2017 16:00:00,45.89
1/6/2017 16:00:00,46.21
1/9/2017 16:00:00,47.08
1/10/2017 16:00:00,48.48
1/11/2017 16:00:00,48.64
1/12/2017 16:00:00,48.1
1/13/2017 16:00:00,47.65
1/17/2017 16:00:00,46.75
1/18/2017 16:00:00,47.64
1/19/2017 16:00:00,47.26
1/20/2017 16:00:00,48
1/23/2017 16:00:00,46.94
1/24/2017 16:00:00,47.54
1/25/2017 16:00:00,47.91
1/26/2017 16:00:00,49.59
1/27/2017 16:00:00,46.95
1/30/2017 16:00:00,44.9
1/31/2017 16:00:00,44.25
2/1/2017 16:00:00,44.05
2/2/2017 16:00:00,44.01
2/3/2017 16:00:00,44.2
2/6/2017 16:00:00,45.3
2/7/2017 16:00:00,45.17
2/8/2017 16:00:00,45.06
2/9/2017 16:00:00,46.3
2/10/2017 16:00:00,46.45
2/13/2017 16:00:00,47.41
2/14/2017 16:00:00,46.57
2/15/2017 16:00:00,47.54
2/16/2017 16:00:00,46.97
2/17/2017 16:00:00,46.91
2/21/2017 16:00:00,46.81
2/22/2017 16:00:00,46.32
2/23/2017 16:00:00,46.1
2/24/2017 16:00:00,46.28
2/27/2017 16:00:00,46.32
2/28/2017 16:00:00,46.36
3/1/2017 16:00:00,47.09
3/2/2017 16:00:00,45.72
3/3/2017 16:00:00,46.82
3/6/2017 16:00:00,45.31
3/7/2017 16:00:00,44.84
3/8/2017 16:00:00,44.89
3/9/2017 16:00:00,43.33
3/10/2017 16:00:00,43.9
3/13/2017 16:00:00,42.37
3/14/2017 16:00:00,41.21
3/15/2017 16:00:00,42.09
3/16/2017 16:00:00,42.13
3/17/2017 16:00:00,41.72
3/20/2017 16:00:00,41.7
3/21/2017 16:00:00,40.42
3/22/2017 16:00:00,40.35
3/23/2017 16:00:00,41.41
3/24/2017 16:00:00,41.73
3/27/2017 16:00:00,41.74
3/28/2017 16:00:00,42.6
3/29/2017 16:00:00,41.96
3/30/2017 16:00:00,42.54
3/31/2017 16:00:00,42.3
4/3/2017 16:00:00,42.45
4/4/2017 16:00:00,40.9
4/5/2017 16:00:00,41.31
4/6/2017 16:00:00,41.72
4/7/2017 16:00:00,41.81
4/10/2017 16:00:00,42.32
4/11/2017 16:00:00,43.93
4/12/2017 16:00:00,43.96
4/13/2017 16:00:00,43.35
4/17/2017 16:00:00,44.23
4/18/2017 16:00:00,43.81
4/19/2017 16:00:00,44.4
4/20/2017 16:00:00,45.22
4/21/2017 16:00:00,45.15
4/24/2017 16:00:00,46.44
4/25/2017 16:00:00,46.61
4/26/2017 16:00:00,46.4
4/27/2017 16:00:00,43.98
4/28/2017 16:00:00,42.62
5/1/2017 16:00:00,42.08
5/2/2017 16:00:00,43.87
5/3/2017 16:00:00,43.92
5/4/2017 16:00:00,43.91
5/5/2017 16:00:00,44.51
5/8/2017 16:00:00,44.94
5/9/2017 16:00:00,47.08
5/10/2017 16:00:00,47.3
5/11/2017 16:00:00,46.54
5/12/2017 16:00:00,45.83
5/15/2017 16:00:00,46.68
5/16/2017 16:00:00,46.94
5/17/2017 16:00:00,44.92
5/18/2017 16:00:00,44.65
5/19/2017 16:00:00,45.22
5/22/2017 16:00:00,46.21
5/23/2017 16:00:00,46.66
5/24/2017 16:00:00,46.77
5/25/2017 16:00:00,48.02
5/26/2017 16:00:00,48.74
5/30/2017 16:00:00,47.96
5/31/2017 16:00:00,48.41
6/1/2017 16:00:00,49.05
6/2/2017 16:00:00,49.52
6/5/2017 16:00:00,49.74
6/6/2017 16:00:00,49.74
6/7/2017 16:00:00,50.86
6/8/2017 16:00:00,51.43
6/9/2017 16:00:00,50.27
6/12/2017 16:00:00,49.48
6/13/2017 16:00:00,49.45
6/14/2017 16:00:00,49.39
6/15/2017 16:00:00,49.11
6/16/2017 16:00:00,48.79
6/19/2017 16:00:00,49.66
6/20/2017 16:00:00,48.03
6/21/2017 16:00:00,48.43
6/22/2017 16:00:00,48.97
6/23/2017 16:00:00,48.63
6/26/2017 16:00:00,48.78
6/27/2017 16:00:00,48.5
6/28/2017 16:00:00,49.25
6/29/2017 16:00:00,49.62
6/30/2017 16:00:00,50.32
7/3/2017 16:00:00,50.39
7/5/2017 16:00:00,51.26
7/6/2017 16:00:00,52.05
7/7/2017 16:00:00,53.03
7/10/2017 16:00:00,52.66
7/11/2017 16:00:00,51.61
7/12/2017 16:00:00,53.8
7/13/2017 16:00:00,53.81
7/14/2017 16:00:00,54.22
7/17/2017 16:00:00,53.87
7/18/2017 16:00:00,53.15
7/19/2017 16:00:00,52.61
7/20/2017 16:00:00,52.34
7/21/2017 16:00:00,51.91
7/24/2017 16:00:00,51.28
7/25/2017 16:00:00,50.61
7/26/2017 16:00:00,51.01
7/27/2017 16:00:00,50
7/28/2017 16:00:00,50.49
7/31/2017 16:00:00,50.44
8/1/2017 16:00:00,51.06
8/2/2017 16:00:00,50.45
8/3/2017 16:00:00,50.55
8/4/2017 16:00:00,50.8
8/7/2017 16:00:00,50.58
8/8/2017 16:00:00,50
8/9/2017 16:00:00,49.4
8/10/2017 16:00:00,48.55
8/11/2017 16:00:00,48.35
8/14/2017 16:00:00,48.81
8/15/2017 16:00:00,48.52
8/16/2017 16:00:00,48.41
8/17/2017 16:00:00,46.03
8/18/2017 16:00:00,45.55
8/21/2017 16:00:00,45.71
8/22/2017 16:00:00,45.41
8/23/2017 16:00:00,43.97
8/24/2017 16:00:00,42.92
8/25/2017 16:00:00,45.25
8/28/2017 16:00:00,44.95
8/29/2017 16:00:00,44.56
8/30/2017 16:00:00,44.32
8/31/2017 16:00:00,44.74
9/1/2017 16:00:00,45.31
9/5/2017 16:00:00,43.92
9/6/2017 16:00:00,44.31
9/7/2017 16:00:00,43.84
9/8/2017 16:00:00,43.6
9/11/2017 16:00:00,45.86
9/12/2017 16:00:00,46.29
9/13/2017 16:00:00,47
9/14/2017 16:00:00,46.19
9/15/2017 16:00:00,46
9/18/2017 16:00:00,45.31
9/19/2017 16:00:00,44.38
9/20/2017 16:00:00,45.42
9/21/2017 16:00:00,46.29
9/22/2017 16:00:00,47.06
9/25/2017 16:00:00,47.7
9/26/2017 16:00:00,47.58
9/27/2017 16:00:00,46.85
9/28/2017 16:00:00,47.49
9/29/2017 16:00:00,47.49
10/2/2017 16:00:00,47.73
10/3/2017 16:00:00,50.51
10/4/2017 16:00:00,50.73
10/5/2017 16:00:00,50.56
10/6/2017 16:00:00,51.3
10/9/2017 16:00:00,50.6
10/10/2017 16:00:00,53.03
10/11/2017 16:00:00,52.83
10/12/2017 16:00:00,52.65
10/13/2017 16:00:00,52.7
10/16/2017 16:00:00,52.27
10/17/2017 16:00:00,52.07
10/18/2017 16:00:00,52.03
10/19/2017 16:00:00,51.51
10/20/2017 16:00:00,51.93
10/23/2017 16:00:00,50.98
10/24/2017 16:00:00,51.95
10/25/2017 16:00:00,51.02
10/26/2017 16:00:00,48.61
10/27/2017 16:00:00,47.56
10/30/2017 16:00:00,47.25
10/31/2017 16:00:00,46.82
11/1/2017 16:00:00,47.84
11/2/2017 16:00:00,47.36
11/3/2017 16:00:00,47.45
11/6/2017 16:00:00,47.51
11/7/2017 16:00:00,46.46
11/8/2017 16:00:00,46.37
11/9/2017 16:00:00,45.77
11/10/2017 16:00:00,45.82
11/13/2017 16:00:00,45.74
11/14/2017 16:00:00,45.81
11/15/2017 16:00:00,47.19
11/16/2017 16:00:00,47.68
11/17/2017 16:00:00,47.39
11/20/2017 16:00:00,47.69
11/21/2017 16:00:00,48.65
11/22/2017 16:00:00,48.66
11/24/2017 13:00:00,48.56
11/27/2017 16:00:00,48.42
11/28/2017 16:00:00,49.22
11/29/2017 16:00:00,49.25
11/30/2017 16:00:00,50.49
12/1/2017 16:00:00,49
12/4/2017 16:00:00,49.93
12/5/2017 16:00:00,49.47
12/6/2017 16:00:00,49.61
12/7/2017 16:00:00,50.88
12/8/2017 16:00:00,51.02
12/11/2017 16:00:00,51.3
12/12/2017 16:00:00,50.47
12/13/2017 16:00:00,50.09
12/14/2017 16:00:00,50.21
12/15/2017 16:00:00,51.06
12/18/2017 16:00:00,51.49
12/19/2017 16:00:00,51.44
12/20/2017 16:00:00,51.92
12/21/2017 16:00:00,52.79
12/22/2017 16:00:00,52.59
12/26/2017 16:00:00,52.85
12/27/2017 16:00:00,52.4
12/28/2017 16:00:00,52.46
12/29/2017 16:00:00,52.03
1/2/2018 16:00:00,52.99
1/3/2018 16:00:00,52.34
1/4/2018 16:00:00,52.67
1/5/2018 16:00:00,52.65
1/8/2018 16:00:00,52.13
1/9/2018 16:00:00,52.08
1/10/2018 16:00:00,53.78
1/11/2018 16:00:00,56.42
1/12/2018 16:00:00,58.47
1/16/2018 16:00:00,57.98
1/17/2018 16:00:00,58.16
1/18/2018 16:00:00,58.34
1/19/2018 16:00:00,58.06
1/22/2018 16:00:00,58.1
1/23/2018 16:00:00,58.29
1/24/2018 16:00:00,54.79
1/25/2018 16:00:00,53.05
1/26/2018 16:00:00,53.07
1/29/2018 16:00:00,52.68
1/30/2018 16:00:00,52.59
1/31/2018 16:00:00,54.32
2/1/2018 16:00:00,53.88
2/2/2018 16:00:00,52.1
2/5/2018 16:00:00,49.76
2/6/2018 16:00:00,51.18
2/7/2018 16:00:00,51.4
2/8/2018 16:00:00,48.6
2/9/2018 16:00:00,48.36
2/12/2018 16:00:00,50.09
2/13/2018 16:00:00,50.87
2/14/2018 16:00:00,51.07
2/15/2018 16:00:00,51.67
2/16/2018 16:00:00,51.58
2/20/2018 16:00:00,51.72
2/21/2018 16:00:00,52.78
2/22/2018 16:00:00,52.98
2/23/2018 16:00:00,53.39
2/26/2018 16:00:00,55
2/27/2018 16:00:00,54.26
2/28/2018 16:00:00,54.25
3/1/2018 16:00:00,53.48
3/2/2018 16:00:00,53.18
3/5/2018 16:00:00,53.19
3/6/2018 16:00:00,53.57
3/7/2018 16:00:00,54.11
3/8/2018 16:00:00,54.79
3/9/2018 16:00:00,56.07
3/12/2018 16:00:00,56.5
3/13/2018 16:00:00,56.23
3/14/2018 16:00:00,55.28
3/15/2018 16:00:00,55.17
3/16/2018 16:00:00,55.4
3/19/2018 16:00:00,54.62
3/20/2018 16:00:00,55.32
3/21/2018 16:00:00,54.09
3/22/2018 16:00:00,52.31
3/23/2018 16:00:00,51.01
3/26/2018 16:00:00,51.86
3/27/2018 16:00:00,50.9
3/28/2018 16:00:00,50.85
3/29/2018 16:00:00,51.96
4/2/2018 16:00:00,49.78
4/3/2018 16:00:00,51.47
4/4/2018 16:00:00,52.04
4/5/2018 16:00:00,52.14
4/6/2018 16:00:00,50.29
4/9/2018 16:00:00,49.82
4/10/2018 16:00:00,47.46
4/11/2018 16:00:00,45.4
4/12/2018 16:00:00,46.57
4/13/2018 16:00:00,45.87
4/16/2018 16:00:00,46.4
4/17/2018 16:00:00,45.75
4/18/2018 16:00:00,47.76
4/19/2018 16:00:00,46.88
4/20/2018 16:00:00,46.78
4/23/2018 16:00:00,46.68
4/24/2018 16:00:00,45.69
4/25/2018 16:00:00,45.25
4/26/2018 16:00:00,42.37
4/27/2018 16:00:00,43.4
4/30/2018 16:00:00,42.93
5/1/2018 16:00:00,43.36
5/2/2018 16:00:00,42.24
5/3/2018 16:00:00,42.11
5/4/2018 16:00:00,42.86
5/7/2018 16:00:00,42.44
5/8/2018 16:00:00,43
5/9/2018 16:00:00,41.5
5/10/2018 16:00:00,42.04
5/11/2018 16:00:00,42.6
5/14/2018 16:00:00,42.46
5/15/2018 16:00:00,43.19
5/16/2018 16:00:00,44.06
5/17/2018 16:00:00,43.63
5/18/2018 16:00:00,43.38
5/21/2018 16:00:00,44.28
5/22/2018 16:00:00,42.88
5/23/2018 16:00:00,42.8
5/24/2018 16:00:00,43.56
5/25/2018 16:00:00,44.91
5/29/2018 16:00:00,43.59
5/30/2018 16:00:00,43.3
5/31/2018 16:00:00,43.54
6/1/2018 16:00:00,44
6/4/2018 16:00:00,44.86
6/5/2018 16:00:00,44.18
6/6/2018 16:00:00,44.19
6/7/2018 16:00:00,43.84
6/8/2018 16:00:00,43.11
6/11/2018 16:00:00,44.16
6/12/2018 16:00:00,43.41
6/13/2018 16:00:00,42.92
6/14/2018 16:00:00,43.08
6/15/2018 16:00:00,42.77
6/18/2018 16:00:00,42.44
6/19/2018 16:00:00,41.51
6/20/2018 16:00:00,42.03
6/21/2018 16:00:00,41.49
6/22/2018 16:00:00,41.35
6/25/2018 16:00:00,39.68
6/26/2018 16:00:00,39.09
6/27/2018 16:00:00,38.26
6/28/2018 16:00:00,38.2
6/29/2018 16:00:00,37.96
7/2/2018 16:00:00,38.36
7/3/2018 13:00:00,37.75
7/5/2018 16:00:00,37.99
7/6/2018 16:00:00,38.09
7/9/2018 16:00:00,39.31
7/10/2018 16:00:00,39.12
7/11/2018 16:00:00,35.96
7/12/2018 16:00:00,36.33
7/13/2018 16:00:00,37.12
7/16/2018 16:00:00,37.28
7/17/2018 16:00:00,37.38
7/18/2018 16:00:00,38.37
7/19/2018 16:00:00,38.13
7/20/2018 16:00:00,37.88
7/23/2018 16:00:00,38.04
7/24/2018 16:00:00,37.45
7/25/2018 16:00:00,38.19
7/26/2018 16:00:00,40.02
7/27/2018 16:00:00,39.69
7/30/2018 16:00:00,38.97
7/31/2018 16:00:00,39.54
8/1/2018 16:00:00,38.14
8/2/2018 16:00:00,37.93
8/3/2018 16:00:00,38.42
8/6/2018 16:00:00,38.41
8/7/2018 16:00:00,38.26
8/8/2018 16:00:00,38.38
8/9/2018 16:00:00,37.92
8/10/2018 16:00:00,37.26
8/13/2018 16:00:00,36.79
8/14/2018 16:00:00,37.09
8/15/2018 16:00:00,37.44
8/16/2018 16:00:00,38.16
8/17/2018 16:00:00,37.79
8/20/2018 16:00:00,39.99
8/21/2018 16:00:00,40.33
8/22/2018 16:00:00,39.19
8/23/2018 16:00:00,38.83
8/24/2018 16:00:00,38.82
8/27/2018 16:00:00,39.52
8/28/2018 16:00:00,40.69
8/29/2018 16:00:00,40.5
8/30/2018 16:00:00,40.4
8/31/2018 16:00:00,40.48
9/4/2018 16:00:00,40.77
9/5/2018 16:00:00,39.67
9/6/2018 16:00:00,38.48
9/7/2018 16:00:00,38.43
9/10/2018 16:00:00,39.43
9/11/2018 16:00:00,40.18
9/12/2018 16:00:00,39.26
9/13/2018 16:00:00,39.48
9/14/2018 16:00:00,39.74
9/17/2018 16:00:00,40.32
9/18/2018 16:00:00,40.79
9/19/2018 16:00:00,41.6
9/20/2018 16:00:00,41.89
9/21/2018 16:00:00,43.6
9/24/2018 16:00:00,41.98
9/25/2018 16:00:00,40.81
9/26/2018 16:00:00,41.04
9/27/2018 16:00:00,41.5
9/28/2018 16:00:00,41.33
10/1/2018 16:00:00,39.61
10/2/2018 16:00:00,38.5
10/3/2018 16:00:00,38.8
10/4/2018 16:00:00,37.92
10/5/2018 16:00:00,36.44
10/8/2018 16:00:00,35.9
10/9/2018 16:00:00,33.55
10/10/2018 16:00:00,31.61
10/11/2018 16:00:00,31.27
10/12/2018 16:00:00,30.91
10/15/2018 16:00:00,31.78
10/16/2018 16:00:00,33.28
10/17/2018 16:00:00,33.57
10/18/2018 16:00:00,32.06
10/19/2018 16:00:00,32.04
10/22/2018 16:00:00,32.16
10/23/2018 16:00:00,32.38
10/24/2018 16:00:00,30.34
10/25/2018 16:00:00,32.37
10/26/2018 16:00:00,32.46
10/29/2018 16:00:00,32.6
10/30/2018 16:00:00,34.66
10/31/2018 16:00:00,35.08
11/1/2018 16:00:00,36.37
11/2/2018 16:00:00,36.33
11/5/2018 16:00:00,35.72
11/6/2018 16:00:00,35.17
11/7/2018 16:00:00,36.97
11/8/2018 16:00:00,36.86
11/9/2018 16:00:00,36.22
11/12/2018 16:00:00,36.86
11/13/2018 16:00:00,37.78
11/14/2018 16:00:00,38.11
11/15/2018 16:00:00,37.82
11/16/2018 16:00:00,36.75
11/19/2018 16:00:00,35.82
11/20/2018 16:00:00,35.59
11/21/2018 16:00:00,36.31
11/23/2018 13:00:00,37.95
11/26/2018 16:00:00,38.1
11/27/2018 16:00:00,38.29
11/28/2018 16:00:00,38.94
11/29/2018 16:00:00,38.42
11/30/2018 16:00:00,40.16
12/3/2018 16:00:00,39.65
12/4/2018 16:00:00,36.69
12/6/2018 16:00:00,36.94
12/7/2018 16:00:00,33.57
12/10/2018 16:00:00,33.84
12/11/2018 16:00:00,34.1
12/12/2018 16:00:00,34.35
12/13/2018 16:00:00,32.46
12/14/2018 16:00:00,32.41
12/17/2018 16:00:00,32.04
12/18/2018 16:00:00,33.54
12/19/2018 16:00:00,32.42
12/20/2018 16:00:00,31.89
12/21/2018 16:00:00,30.78
12/24/2018 13:00:00,29.72
12/26/2018 16:00:00,32.29
12/27/2018 16:00:00,32.04
12/28/2018 16:00:00,31.83
12/31/2018 16:00:00,32.11
1/2/2019 16:00:00,32.48
1/3/2019 16:00:00,30.06
1/4/2019 16:00:00,32.04
1/7/2019 16:00:00,32.95
1/8/2019 16:00:00,32.42
1/9/2019 16:00:00,33.42
1/10/2019 16:00:00,32.04
1/11/2019 16:00:00,31.8
1/14/2019 16:00:00,31.71
1/15/2019 16:00:00,32.1
1/16/2019 16:00:00,32.84
1/17/2019 16:00:00,33.58
1/18/2019 16:00:00,33.97
1/22/2019 16:00:00,32.74
1/23/2019 16:00:00,31.65
1/24/2019 16:00:00,33.66
1/25/2019 16:00:00,34.98
1/28/2019 16:00:00,36.57
1/29/2019 16:00:00,36.29
1/30/2019 16:00:00,36.34
1/31/2019 16:00:00,35.77
2/1/2019 16:00:00,36.11
2/4/2019 16:00:00,36.78
2/5/2019 16:00:00,36.93
2/6/2019 16:00:00,36.76
2/7/2019 16:00:00,36.17
2/8/2019 16:00:00,36
2/11/2019 16:00:00,36.59
2/12/2019 16:00:00,35.75
2/13/2019 16:00:00,36.21
2/14/2019 16:00:00,36.11
2/15/2019 16:00:00,35.05
2/19/2019 16:00:00,35.47
2/20/2019 16:00:00,35.06
2/21/2019 16:00:00,34.98
2/22/2019 16:00:00,35.49
2/25/2019 16:00:00,35.9
2/26/2019 16:00:00,36.25
2/27/2019 16:00:00,35.69
2/28/2019 16:00:00,35.63
3/1/2019 16:00:00,34.64
3/4/2019 16:00:00,33.72
3/5/2019 16:00:00,33.23
3/6/2019 16:00:00,32.76
3/7/2019 16:00:00,32.22
3/8/2019 16:00:00,31.91
3/11/2019 16:00:00,32.05
3/12/2019 16:00:00,30.92
3/13/2019 16:00:00,31.84
3/14/2019 16:00:00,32.13
3/15/2019 16:00:00,31.43
3/18/2019 16:00:00,31.38
3/19/2019 16:00:00,31.59
3/20/2019 16:00:00,30.96
3/21/2019 16:00:00,31.45
3/22/2019 16:00:00,30.57
3/25/2019 16:00:00,30.21
3/26/2019 16:00:00,30.21
3/27/2019 16:00:00,30.94
3/28/2019 16:00:00,30.9
3/29/2019 16:00:00,31.76
4/1/2019 16:00:00,32.35
4/2/2019 16:00:00,32.99
4/3/2019 16:00:00,33.71
4/4/2019 16:00:00,33.93
4/5/2019 16:00:00,34.06
4/8/2019 16:00:00,33.88
4/9/2019 16:00:00,33.31
4/10/2019 16:00:00,34.02
4/11/2019 16:00:00,34.81
4/12/2019 16:00:00,34.69
4/15/2019 16:00:00,33.75
4/16/2019 16:00:00,34.03
4/17/2019 16:00:00,34.38
4/18/2019 16:00:00,34.37
4/22/2019 16:00:00,33.48
4/23/2019 16:00:00,33.97
4/24/2019 16:00:00,33.99
4/25/2019 16:00:00,33.41
4/26/2019 16:00:00,33.06
4/29/2019 16:00:00,33.77
4/30/2019 16:00:00,34.18
5/1/2019 16:00:00,33.91
5/2/2019 16:00:00,33.95
5/3/2019 16:00:00,34.79
5/6/2019 16:00:00,34.75
5/7/2019 16:00:00,33.91
5/8/2019 16:00:00,33.75
5/9/2019 16:00:00,33.95
5/10/2019 16:00:00,33.99
5/13/2019 16:00:00,32.14
5/14/2019 16:00:00,32.34
5/15/2019 16:00:00,32.16
5/16/2019 16:00:00,32.32
5/17/2019 16:00:00,31.74
5/20/2019 16:00:00,30.96
5/21/2019 16:00:00,31.3
5/22/2019 16:00:00,29.92
5/23/2019 16:00:00,29.5
5/24/2019 16:00:00,29.17
5/28/2019 16:00:00,28.73
5/29/2019 16:00:00,28.41
5/30/2019 16:00:00,28.17
5/31/2019 16:00:00,27.23
6/3/2019 16:00:00,27.2
6/4/2019 16:00:00,29.12
6/5/2019 16:00:00,30.36
6/6/2019 16:00:00,30.38
6/7/2019 16:00:00,30.92
6/10/2019 16:00:00,30.76
6/11/2019 16:00:00,30.58
6/12/2019 16:00:00,31.1
6/13/2019 16:00:00,33.09
6/14/2019 16:00:00,32.68
6/17/2019 16:00:00,32.56
6/18/2019 16:00:00,32.52
6/19/2019 16:00:00,33.21
6/20/2019 16:00:00,32.15
6/21/2019 16:00:00,31.57
6/24/2019 16:00:00,31.82
6/25/2019 16:00:00,31.26
6/26/2019 16:00:00,31.46
6/27/2019 16:00:00,32.15
6/28/2019 16:00:00,32.61
7/1/2019 16:00:00,32.88
7/2/2019 16:00:00,32.19
7/3/2019 13:00:00,32.72
7/5/2019 16:00:00,32.46
7/8/2019 16:00:00,32.79
7/9/2019 16:00:00,32.36
7/10/2019 16:00:00,32.94
7/11/2019 16:00:00,33.03
7/12/2019 16:00:00,33.78
7/15/2019 16:00:00,33.61
7/16/2019 16:00:00,34.22
7/17/2019 16:00:00,33.26
7/18/2019 16:00:00,33.74
7/19/2019 16:00:00,33.08
7/22/2019 16:00:00,32.9
7/23/2019 16:00:00,33.73
7/24/2019 16:00:00,34.59
7/25/2019 16:00:00,31.67
7/26/2019 16:00:00,31.24
7/29/2019 16:00:00,30.74
7/30/2019 16:00:00,30.71
7/31/2019 16:00:00,30.51
8/1/2019 16:00:00,29.84
8/2/2019 16:00:00,29.45
8/5/2019 16:00:00,28.53
8/6/2019 16:00:00,28.36
8/7/2019 16:00:00,28.63
8/8/2019 16:00:00,29.08
8/9/2019 16:00:00,28.78
8/12/2019 16:00:00,27.64
8/13/2019 16:00:00,27.51
8/14/2019 16:00:00,26.1
8/15/2019 16:00:00,25.41
8/16/2019 16:00:00,25.79
8/19/2019 16:00:00,26.1
8/20/2019 16:00:00,25.83
8/21/2019 16:00:00,26.42
8/22/2019 16:00:00,26.53
8/23/2019 16:00:00,25.42
8/26/2019 16:00:00,25.19
8/27/2019 16:00:00,24.45
8/28/2019 16:00:00,25.33
8/29/2019 16:00:00,26.32
8/30/2019 16:00:00,26.31
9/3/2019 16:00:00,26.51
9/4/2019 16:00:00,27
9/5/2019 16:00:00,27.69
9/6/2019 16:00:00,27.79
9/9/2019 16:00:00,28.44
9/10/2019 16:00:00,29.12
9/11/2019 16:00:00,29.76
9/12/2019 16:00:00,29.94
9/13/2019 16:00:00,29.95
9/16/2019 16:00:00,27.77
9/17/2019 16:00:00,28.64
9/18/2019 16:00:00,28.6
9/19/2019 16:00:00,28.3
9/20/2019 16:00:00,27.99
9/23/2019 16:00:00,27.5
9/24/2019 16:00:00,27
9/25/2019 16:00:00,27.44
9/26/2019 16:00:00,27.19
9/27/2019 16:00:00,27.01
9/30/2019 16:00:00,26.97
10/1/2019 16:00:00,26.8
10/2/2019 16:00:00,25.37
10/3/2019 16:00:00,25.27
10/4/2019 16:00:00,25.83
10/7/2019 16:00:00,25.83
10/8/2019 16:00:00,26.26
10/9/2019 16:00:00,27.07
10/10/2019 16:00:00,27.18
10/11/2019 16:00:00,27.36
10/14/2019 16:00:00,27.62
10/15/2019 16:00:00,28.27
10/16/2019 16:00:00,28.05
10/17/2019 16:00:00,27.93
10/18/2019 16:00:00,28.22
10/21/2019 16:00:00,28.62
10/22/2019 16:00:00,28.26
10/23/2019 16:00:00,28.29
10/24/2019 16:00:00,29.41
10/25/2019 16:00:00,30.86
10/28/2019 16:00:00,31.36
10/29/2019 16:00:00,30.92
10/30/2019 16:00:00,30.29
10/31/2019 16:00:00,30.06
11/1/2019 16:00:00,30.56
11/4/2019 16:00:00,30.95
11/5/2019 16:00:00,31.18
11/6/2019 16:00:00,30.96
11/7/2019 16:00:00,30.89
11/8/2019 16:00:00,30.76
11/11/2019 16:00:00,30.59
11/12/2019 16:00:00,29.52
11/13/2019 16:00:00,28.66
11/14/2019 16:00:00,28.77
11/15/2019 16:00:00,28.86
11/18/2019 16:00:00,28.6
11/19/2019 16:00:00,29.29
11/20/2019 16:00:00,28.23
11/21/2019 16:00:00,27.93
11/22/2019 16:00:00,28.68
11/25/2019 16:00:00,28.99
11/26/2019 16:00:00,29.05
11/27/2019 16:00:00,28.95
11/29/2019 13:00:00,28.74
12/2/2019 16:00:00,28.08
12/3/2019 16:00:00,27.29
12/4/2019 16:00:00,27.38
12/5/2019 16:00:00,27.24
12/6/2019 16:00:00,27.73
12/9/2019 16:00:00,27.49
12/10/2019 16:00:00,27
12/11/2019 16:00:00,26.86
12/12/2019 16:00:00,27.72
12/13/2019 16:00:00,27.48
12/16/2019 16:00:00,27.92
12/17/2019 16:00:00,28.28
12/18/2019 16:00:00,28
12/19/2019 16:00:00,28.55
12/20/2019 16:00:00,29.04
12/23/2019 16:00:00,29.3
12/24/2019 13:00:00,29.18
12/26/2019 16:00:00,29.67
12/27/2019 16:00:00,28.44
12/30/2019 16:00:00,28.3
12/31/2019 16:00:00,28.68
1/2/2020 16:00:00,29.09
1/3/2020 16:00:00,27.65
1/6/2020 16:00:00,27.32
1/7/2020 16:00:00,27.22
1/8/2020 16:00:00,27.84
1/9/2020 16:00:00,27.95
1/10/2020 16:00:00,27.32
1/13/2020 16:00:00,27.39
1/14/2020 16:00:00,27.53
1/15/2020 16:00:00,27.58
1/16/2020 16:00:00,28.23
1/17/2020 16:00:00,28.4
1/21/2020 16:00:00,27.2
1/22/2020 16:00:00,27.32
1/23/2020 16:00:00,28.8
1/24/2020 16:00:00,27.64
1/27/2020 16:00:00,26.11
1/28/2020 16:00:00,26.9
1/29/2020 16:00:00,26.8
1/30/2020 16:00:00,27.72
1/31/2020 16:00:00,26.84
2/3/2020 16:00:00,27.16
2/4/2020 16:00:00,28.43
2/5/2020 16:00:00,29.1
2/6/2020 16:00:00,28.3
2/7/2020 16:00:00,28.38
2/10/2020 16:00:00,28.79
2/11/2020 16:00:00,29.84
2/12/2020 16:00:00,30.47
2/13/2020 16:00:00,30.09
2/14/2020 16:00:00,29.2
2/18/2020 16:00:00,28.63
2/19/2020 16:00:00,28.33
2/20/2020 16:00:00,28.51
2/21/2020 16:00:00,27.82
2/24/2020 16:00:00,25.45
2/25/2020 16:00:00,23.12
2/26/2020 16:00:00,22.31
2/27/2020 16:00:00,20.6
2/28/2020 16:00:00,19.05
3/2/2020 16:00:00,18.86
3/3/2020 16:00:00,17.85
3/4/2020 16:00:00,18.53
3/5/2020 16:00:00,16.04
3/6/2020 16:00:00,15.97
3/9/2020 16:00:00,14.75
3/10/2020 16:00:00,17
3/11/2020 16:00:00,16.26
3/12/2020 16:00:00,13.45
3/13/2020 16:00:00,14.31
3/16/2020 16:00:00,15.92
3/17/2020 16:00:00,15.58
3/18/2020 16:00:00,11.65
3/19/2020 16:00:00,10.29
3/20/2020 16:00:00,10.38
3/23/2020 16:00:00,10.25
3/24/2020 16:00:00,13.92
3/25/2020 16:00:00,15.39
3/26/2020 16:00:00,15.66
3/27/2020 16:00:00,14.04
3/30/2020 16:00:00,12.25
3/31/2020 16:00:00,12.19
4/1/2020 16:00:00,10.69
4/2/2020 16:00:00,10.06
4/3/2020 16:00:00,9.39
4/6/2020 16:00:00,9.5
4/7/2020 16:00:00,10.22
4/8/2020 16:00:00,11.33
4/9/2020 16:00:00,12.51
4/13/2020 16:00:00,11.56
4/14/2020 16:00:00,11.95
4/15/2020 16:00:00,12.29
4/16/2020 16:00:00,11.07
4/17/2020 16:00:00,11.57
4/20/2020 16:00:00,11.06
4/21/2020 16:00:00,11
4/22/2020 16:00:00,10.27
4/23/2020 16:00:00,10.25
4/24/2020 16:00:00,10.31
4/27/2020 16:00:00,10.02
4/28/2020 16:00:00,11.26
4/29/2020 16:00:00,12.63
4/30/2020 16:00:00,12.01
5/1/2020 16:00:00,10.64
5/4/2020 16:00:00,9.82
5/5/2020 16:00:00,9.51
5/6/2020 16:00:00,9.25
5/7/2020 16:00:00,9.54
5/8/2020 16:00:00,10.14
5/11/2020 16:00:00,10.1
5/12/2020 16:00:00,9.65
5/13/2020 16:00:00,9.11
5/14/2020 16:00:00,9.15
5/15/2020 16:00:00,9.04
5/18/2020 16:00:00,9.87
5/19/2020 16:00:00,9.64
5/20/2020 16:00:00,9.87
5/21/2020 16:00:00,9.89
5/22/2020 16:00:00,9.7
5/26/2020 16:00:00,11.14
5/27/2020 16:00:00,11.98
5/28/2020 16:00:00,10.98
5/29/2020 16:00:00,10.5
6/1/2020 16:00:00,11.11
6/2/2020 16:00:00,11.22
6/3/2020 16:00:00,11.85
6/4/2020 16:00:00,16.72
6/5/2020 16:00:00,18.59
6/8/2020 16:00:00,20.31
6/9/2020 16:00:00,18.55
6/10/2020 16:00:00,17.02
6/11/2020 16:00:00,14.38
6/12/2020 16:00:00,16.74
6/15/2020 16:00:00,16.7
6/16/2020 16:00:00,17.03
6/17/2020 16:00:00,16.98
6/18/2020 16:00:00,16.49
6/19/2020 16:00:00,16
6/22/2020 16:00:00,14.92
6/23/2020 16:00:00,14
6/24/2020 16:00:00,13.04
6/25/2020 16:00:00,13.17
6/26/2020 16:00:00,12.38
6/29/2020 16:00:00,13.32
6/30/2020 16:00:00,13.07
7/1/2020 16:00:00,12.81
7/2/2020 16:00:00,12.5
7/6/2020 16:00:00,12.8
7/7/2020 16:00:00,11.91
7/8/2020 16:00:00,11.99
7/9/2020 16:00:00,11.18
7/10/2020 16:00:00,11.94
7/13/2020 16:00:00,11.63
7/14/2020 16:00:00,11.57
7/15/2020 16:00:00,13.44
7/16/2020 16:00:00,12.45
7/17/2020 16:00:00,11.91
7/20/2020 16:00:00,11.47
7/21/2020 16:00:00,11.47
7/22/2020 16:00:00,11.36
7/23/2020 16:00:00,11.77
7/24/2020 16:00:00,11.39
7/27/2020 16:00:00,11.39
7/28/2020 16:00:00,11.77
7/29/2020 16:00:00,11.4
7/30/2020 16:00:00,11.18
7/31/2020 16:00:00,11.12
8/3/2020 16:00:00,11.08
8/4/2020 16:00:00,11.47
8/5/2020 16:00:00,12.56
8/6/2020 16:00:00,13.04
8/7/2020 16:00:00,13.03
8/10/2020 16:00:00,14
8/11/2020 16:00:00,13.73
8/12/2020 16:00:00,13.54
8/13/2020 16:00:00,13.3
8/14/2020 16:00:00,13.33
8/17/2020 16:00:00,12.62
8/18/2020 16:00:00,12.6
8/19/2020 16:00:00,12.68
8/20/2020 16:00:00,12.5
8/21/2020 16:00:00,12.16
8/24/2020 16:00:00,13.44
8/25/2020 16:00:00,13.14
8/26/2020 16:00:00,12.79
8/27/2020 16:00:00,13.28
8/28/2020 16:00:00,13.59
8/31/2020 16:00:00,13.05
9/1/2020 16:00:00,13.1
9/2/2020 16:00:00,13.23
9/3/2020 16:00:00,13.36
9/4/2020 16:00:00,13.61
9/8/2020 16:00:00,13.63
9/9/2020 16:00:00,13.05
9/10/2020 16:00:00,13.01
9/11/2020 16:00:00,12.95
9/14/2020 16:00:00,13.26
9/15/2020 16:00:00,13.14
9/16/2020 16:00:00,13.8
9/17/2020 16:00:00,13.63
9/18/2020 16:00:00,13.19
9/21/2020 16:00:00,12.21
9/22/2020 16:00:00,12.34
9/23/2020 16:00:00,11.93
9/24/2020 16:00:00,11.77
9/25/2020 16:00:00,12.29
9/28/2020 16:00:00,12.76
9/29/2020 16:00:00,12.25
9/30/2020 16:00:00,12.29
10/1/2020 16:00:00,12.58
10/2/2020 16:00:00,13
10/5/2020 16:00:00,13.12
10/6/2020 16:00:00,12.53
10/7/2020 16:00:00,13.07
10/8/2020 16:00:00,13.16
10/9/2020 16:00:00,13.2
10/12/2020 16:00:00,12.92
10/13/2020 16:00:00,12.22
10/14/2020 16:00:00,12.36
10/15/2020 16:00:00,12.23
10/16/2020 16:00:00,12.46
10/19/2020 16:00:00,12.56
10/20/2020 16:00:00,12.8
10/21/2020 16:00:00,12.75
10/22/2020 16:00:00,13.15
10/23/2020 16:00:00,12.6
10/26/2020 16:00:00,11.8
10/27/2020 16:00:00,11.23
10/28/2020 16:00:00,10.95
10/29/2020 16:00:00,11.16
10/30/2020 16:00:00,11.28
11/2/2020 16:00:00,11.19
11/3/2020 16:00:00,11.25
11/4/2020 16:00:00,11.01
11/5/2020 16:00:00,11.6
11/6/2020 16:00:00,11.46
11/9/2020 16:00:00,13.2
11/10/2020 16:00:00,12.38
11/11/2020 16:00:00,12.04
11/12/2020 16:00:00,11.74
11/13/2020 16:00:00,12.24
11/16/2020 16:00:00,12.79
11/17/2020 16:00:00,12.7
11/18/2020 16:00:00,12.74
11/19/2020 16:00:00,12.79
11/20/2020 16:00:00,12.53
11/23/2020 16:00:00,13.56
11/24/2020 16:00:00,14.82
11/25/2020 16:00:00,14.94
11/27/2020 13:00:00,14.98
11/30/2020 16:00:00,14.13
12/1/2020 16:00:00,14.27
12/2/2020 16:00:00,14.86
12/3/2020 16:00:00,16.09
12/4/2020 16:00:00,16.4
12/7/2020 16:00:00,17.21
12/8/2020 16:00:00,17.63
12/9/2020 16:00:00,17.16
12/10/2020 16:00:00,17.99
12/11/2020 16:00:00,17.05
12/14/2020 16:00:00,16.7
12/15/2020 16:00:00,17.01
12/16/2020 16:00:00,16.86
12/17/2020 16:00:00,16.8
12/18/2020 16:00:00,16.51
12/21/2020 16:00:00,16.1
12/22/2020 16:00:00,15.48
12/23/2020 16:00:00,15.89
12/24/2020 13:00:00,15.66
12/28/2020 16:00:00,16.06
12/29/2020 16:00:00,15.86
12/30/2020 16:00:00,16.15
12/31/2020 16:00:00,15.77
1/4/2021 16:00:00,15.13
1/5/2021 16:00:00,15.43
1/6/2021 16:00:00,15.52
1/7/2021 16:00:00,15.38
1/8/2021 16:00:00,15.13
1/11/2021 16:00:00,15
1/12/2021 16:00:00,15.38
1/13/2021 16:00:00,15.53
1/14/2021 16:00:00,16.44
1/15/2021 16:00:00,15.76
1/19/2021 16:00:00,15.97
1/20/2021 16:00:00,16.17
1/21/2021 16:00:00,15.83
1/22/2021 16:00:00,15.82
1/25/2021 16:00:00,15.43
1/26/2021 16:00:00,15.53
1/27/2021 16:00:00,16.56
1/28/2021 16:00:00,18.1
1/29/2021 16:00:00,17.17
2/1/2021 16:00:00,16.84
2/2/2021 16:00:00,16.59
2/3/2021 16:00:00,17.6
2/4/2021 16:00:00,17.4
2/5/2021 16:00:00,17.19
2/8/2021 16:00:00,17.77
2/9/2021 16:00:00,17.44
2/10/2021 16:00:00,17.41
2/11/2021 16:00:00,16.99
2/12/2021 16:00:00,17.27
2/16/2021 16:00:00,17.82
2/17/2021 16:00:00,17.99
2/18/2021 16:00:00,17.71
2/19/2021 16:00:00,18.68
2/22/2021 16:00:00,20.44
2/23/2021 16:00:00,20.66
2/24/2021 16:00:00,21.82
2/25/2021 16:00:00,20.86
2/26/2021 16:00:00,20.94
3/1/2021 16:00:00,21.18
3/2/2021 16:00:00,21.44
3/3/2021 16:00:00,22.17
3/4/2021 16:00:00,21.24
3/5/2021 16:00:00,20.45
3/8/2021 16:00:00,21.47
3/9/2021 16:00:00,21.6
3/10/2021 16:00:00,21.75
3/11/2021 16:00:00,22.15
3/12/2021 16:00:00,23.37
3/15/2021 16:00:00,25.17
3/16/2021 16:00:00,24.47
3/17/2021 16:00:00,25.16
3/18/2021 16:00:00,24.7
3/19/2021 16:00:00,24.97
3/22/2021 16:00:00,23.83
3/23/2021 16:00:00,22.27
3/24/2021 16:00:00,21.81
3/25/2021 16:00:00,22.77
3/26/2021 16:00:00,22.93
3/29/2021 16:00:00,22.91
3/30/2021 16:00:00,24.12
3/31/2021 16:00:00,23.9
4/1/2021 16:00:00,23.86
4/5/2021 16:00:00,24.23
4/6/2021 16:00:00,24.06
4/7/2021 16:00:00,23.93
4/8/2021 16:00:00,23.65
4/9/2021 16:00:00,23.54
4/12/2021 16:00:00,22.91
4/13/2021 16:00:00,22.56
4/14/2021 16:00:00,22.37
4/15/2021 16:00:00,22.13
4/16/2021 16:00:00,22.03
4/19/2021 16:00:00,21.55
4/20/2021 16:00:00,20.37
4/21/2021 16:00:00,21.01
4/22/2021 16:00:00,20.07
4/23/2021 16:00:00,21.11
4/26/2021 16:00:00,22.04
4/27/2021 16:00:00,21.76
4/28/2021 16:00:00,21.7
4/29/2021 16:00:00,21.3
4/30/2021 16:00:00,21.72
5/3/2021 16:00:00,21.95
5/4/2021 16:00:00,21.42
5/5/2021 16:00:00,21.57
5/6/2021 16:00:00,21.49
5/7/2021 16:00:00,22
5/10/2021 16:00:00,22
5/11/2021 16:00:00,21.57
5/12/2021 16:00:00,20.76
5/13/2021 16:00:00,21.21
5/14/2021 16:00:00,22.4
5/17/2021 16:00:00,23.35
5/18/2021 16:00:00,23.56
5/19/2021 16:00:00,22.97
5/20/2021 16:00:00,22.6
5/21/2021 16:00:00,22.57
5/24/2021 16:00:00,22.99
5/25/2021 16:00:00,23.21
5/26/2021 16:00:00,23.9
5/27/2021 16:00:00,24.43
5/28/2021 16:00:00,24.24
6/1/2021 16:00:00,24.67
6/2/2021 16:00:00,25.82
6/3/2021 16:00:00,24.93
6/4/2021 16:00:00,24.3
6/7/2021 16:00:00,24.25
6/8/2021 16:00:00,24.22
6/9/2021 16:00:00,23.85
6/10/2021 16:00:00,23.46
6/11/2021 16:00:00,23.53
6/14/2021 16:00:00,22.99
6/15/2021 16:00:00,22.79
6/16/2021 16:00:00,22.83
6/17/2021 16:00:00,22.23
6/18/2021 16:00:00,22.29
6/21/2021 16:00:00,22.45
6/22/2021 16:00:00,22.11
6/23/2021 16:00:00,22.2
6/24/2021 16:00:00,22.35
6/25/2021 16:00:00,22.22
6/28/2021 16:00:00,21.39
6/29/2021 16:00:00,21.08
6/30/2021 16:00:00,21.21
7/1/2021 16:00:00,21.51
7/2/2021 16:00:00,21.48
7/6/2021 16:00:00,21.01
7/7/2021 16:00:00,20.31
7/8/2021 16:00:00,20.35
7/9/2021 16:00:00,20.89
7/12/2021 16:00:00,20.84
7/13/2021 16:00:00,20.02
7/14/2021 16:00:00,20.62
7/15/2021 16:00:00,20.46
7/16/2021 16:00:00,19.79
7/19/2021 16:00:00,18.97
7/20/2021 16:00:00,20.56
7/21/2021 16:00:00,21.4
7/22/2021 16:00:00,21.16
7/23/2021 16:00:00,21.2
7/26/2021 16:00:00,22.08
7/27/2021 16:00:00,21.46
7/28/2021 16:00:00,21.63
7/29/2021 16:00:00,21.17
7/30/2021 16:00:00,20.38
8/2/2021 16:00:00,20.06
8/3/2021 16:00:00,19.95
8/4/2021 16:00:00,19.45
8/5/2021 16:00:00,20.91
8/6/2021 16:00:00,21.02
8/9/2021 16:00:00,20.56
8/10/2021 16:00:00,20.94
8/11/2021 16:00:00,21.23
8/12/2021 16:00:00,20.43
8/13/2021 16:00:00,19.84
8/16/2021 16:00:00,19.76
8/17/2021 16:00:00,19.34
8/18/2021 16:00:00,19.14
8/19/2021 16:00:00,18.73
8/20/2021 16:00:00,18.5
8/23/2021 16:00:00,19.11
8/24/2021 16:00:00,19.83
8/25/2021 16:00:00,20.15
8/26/2021 16:00:00,19.9
8/27/2021 16:00:00,20.22
8/30/2021 16:00:00,19.51
8/31/2021 16:00:00,19.94
9/1/2021 16:00:00,19.64
9/2/2021 16:00:00,19.76
9/3/2021 16:00:00,19.37
9/7/2021 16:00:00,19.53
9/8/2021 16:00:00,19.13
9/9/2021 16:00:00,20.2
9/10/2021 16:00:00,18.95
9/13/2021 16:00:00,19.31
9/14/2021 16:00:00,19.21
9/15/2021 16:00:00,19.38
9/16/2021 16:00:00,19.89
9/17/2021 16:00:00,19.73
9/20/2021 16:00:00,20.33
9/21/2021 16:00:00,19.76
9/22/2021 16:00:00,20.52
9/23/2021 16:00:00,20.9
9/24/2021 16:00:00,21.39
9/27/2021 16:00:00,21.47
9/28/2021 16:00:00,21.43
9/29/2021 16:00:00,21.01
9/30/2021 16:00:00,20.52
10/1/2021 16:00:00,21.65
10/4/2021 16:00:00,21.39
10/5/2021 16:00:00,21.47
10/6/2021 16:00:00,20.54
10/7/2021 16:00:00,20.17
10/8/2021 16:00:00,20.07
10/11/2021 16:00:00,20.13
10/12/2021 16:00:00,20.29
10/13/2021 16:00:00,19.61
10/14/2021 16:00:00,19.64
10/15/2021 16:00:00,19.98
10/18/2021 16:00:00,19.84
10/19/2021 16:00:00,19.53
10/20/2021 16:00:00,19.52
10/21/2021 16:00:00,19.89
10/22/2021 16:00:00,19.15
10/25/2021 16:00:00,19.23
10/26/2021 16:00:00,19.39
10/27/2021 16:00:00,19.03
10/28/2021 16:00:00,19.19
10/29/2021 16:00:00,19.2
11/1/2021 16:00:00,19.77
11/2/2021 16:00:00,19.83
11/3/2021 16:00:00,20.63
11/4/2021 16:00:00,20.63
11/5/2021 16:00:00,21.82
11/8/2021 16:00:00,22.25
11/9/2021 16:00:00,22.26
11/10/2021 16:00:00,21.57
11/11/2021 16:00:00,21.33
11/12/2021 16:00:00,20.29
11/15/2021 16:00:00,20.32
11/16/2021 16:00:00,19.84
11/17/2021 16:00:00,19.86
11/18/2021 16:00:00,19.39
11/19/2021 16:00:00,19.28
11/22/2021 16:00:00,19.63
11/23/2021 16:00:00,19.47
11/24/2021 16:00:00,19.46
11/26/2021 13:00:00,17.75
11/29/2021 16:00:00,17.74
11/30/2021 16:00:00,17.69
12/1/2021 16:00:00,16.28
12/2/2021 16:00:00,17.42
12/3/2021 16:00:00,16.62
12/6/2021 16:00:00,17.93
12/7/2021 16:00:00,17.89
12/8/2021 16:00:00,18.23
12/9/2021 16:00:00,18.14
12/10/2021 16:00:00,18.01
12/13/2021 16:00:00,17.12
12/14/2021 16:00:00,16.91
12/15/2021 16:00:00,16.99
12/16/2021 16:00:00,16.52
12/17/2021 16:00:00,16.95
12/20/2021 16:00:00,17.3
12/21/2021 16:00:00,18.12
12/22/2021 16:00:00,18.26
12/23/2021 16:00:00,18.26
12/27/2021 16:00:00,18.17
12/28/2021 16:00:00,18.54
12/29/2021 16:00:00,18.05
12/30/2021 16:00:00,18.07
12/31/2021 16:00:00,17.96
1/3/2022 16:00:00,18.75
1/4/2022 16:00:00,19.02
1/5/2022 16:00:00,18.68
1/6/2022 16:00:00,18.57
1/7/2022 16:00:00,19.28
1/10/2022 16:00:00,18.79
1/11/2022 16:00:00,19.02
1/12/2022 16:00:00,18.5
1/13/2022 16:00:00,19.34
1/14/2022 16:00:00,18.49
1/18/2022 16:00:00,17.9
1/19/2022 16:00:00,17.31
1/20/2022 16:00:00,16.76
1/21/2022 16:00:00,16.3
1/24/2022 16:00:00,16.41
1/25/2022 16:00:00,16.46
1/26/2022 16:00:00,16.24
1/27/2022 16:00:00,15.78
1/28/2022 16:00:00,15.64
1/31/2022 16:00:00,16.47
2/1/2022 16:00:00,16.83
2/2/2022 16:00:00,16.96
2/3/2022 16:00:00,16.57
2/4/2022 16:00:00,16.45
2/7/2022 16:00:00,17.28
2/8/2022 16:00:00,18.26
2/9/2022 16:00:00,18.76
2/10/2022 16:00:00,18.71
2/11/2022 16:00:00,17.61
2/14/2022 16:00:00,17.43
2/15/2022 16:00:00,18.84
2/16/2022 16:00:00,18.82
2/17/2022 16:00:00,18.22
2/18/2022 16:00:00,17.87
2/22/2022 16:00:00,17.43
2/23/2022 16:00:00,16.64
2/24/2022 16:00:00,16.96
2/25/2022 16:00:00,17.46
2/28/2022 16:00:00,17.25
3/1/2022 16:00:00,16.29
3/2/2022 16:00:00,16.37
3/3/2022 16:00:00,15.71
3/4/2022 16:00:00,14.59
3/7/2022 16:00:00,12.84
3/8/2022 16:00:00,13.51
3/9/2022 16:00:00,14.3
3/10/2022 16:00:00,14.2
3/11/2022 16:00:00,14.02
3/14/2022 16:00:00,14.25
3/15/2022 16:00:00,15.57
3/16/2022 16:00:00,16.47
3/17/2022 16:00:00,16.55
3/18/2022 16:00:00,16.75
3/21/2022 16:00:00,16.09
3/22/2022 16:00:00,16.56
3/23/2022 16:00:00,16.21
3/24/2022 16:00:00,16.72
3/25/2022 16:00:00,17.01
3/28/2022 16:00:00,17.3
3/29/2022 16:00:00,18.16
3/30/2022 16:00:00,18.05
3/31/2022 16:00:00,18.25
4/1/2022 16:00:00,18.24
4/4/2022 16:00:00,18.23
4/5/2022 16:00:00,17.84
4/6/2022 16:00:00,17.38
4/7/2022 16:00:00,16.95
4/8/2022 16:00:00,16.59
4/11/2022 16:00:00,16.97
4/12/2022 16:00:00,17.13
4/13/2022 16:00:00,18.95
4/14/2022 16:00:00,19
4/18/2022 16:00:00,18.54
4/19/2022 16:00:00,19.59
4/20/2022 16:00:00,19.48
4/21/2022 16:00:00,20.22
4/22/2022 16:00:00,20.18
4/25/2022 16:00:00,19.98
4/26/2022 16:00:00,18.77
4/27/2022 16:00:00,18.97
4/28/2022 16:00:00,19.43
4/29/2022 16:00:00,18.77
5/2/2022 16:00:00,18.56
5/3/2022 16:00:00,19.13
5/4/2022 16:00:00,19.62
5/5/2022 16:00:00,18.54
5/6/2022 16:00:00,17.84
5/9/2022 16:00:00,16.32
5/10/2022 16:00:00,16.57
5/11/2022 16:00:00,15.97
5/12/2022 16:00:00,15.49
5/13/2022 16:00:00,16.58
5/16/2022 16:00:00,16.55
5/17/2022 16:00:00,17.82
5/18/2022 16:00:00,16.89
5/19/2022 16:00:00,16.75
5/20/2022 16:00:00,16.26
5/23/2022 16:00:00,16.75
5/24/2022 16:00:00,15.5
5/25/2022 16:00:00,16.13
5/26/2022 16:00:00,17.24
5/27/2022 16:00:00,18.13
5/31/2022 16:00:00,17.87
6/1/2022 16:00:00,17.29
6/2/2022 16:00:00,17.46
6/3/2022 16:00:00,16.22
6/6/2022 16:00:00,16.3
6/7/2022 16:00:00,16.69
6/8/2022 16:00:00,16.15
6/9/2022 16:00:00,15.47
6/10/2022 16:00:00,14.71
6/13/2022 16:00:00,13.32
6/14/2022 16:00:00,12.95
6/15/2022 16:00:00,13.31
6/16/2022 16:00:00,12.16
6/17/2022 16:00:00,12.94
6/21/2022 16:00:00,13.04
6/22/2022 16:00:00,13.1
6/23/2022 16:00:00,12.98
6/24/2022 16:00:00,13.9
6/27/2022 16:00:00,13.56
6/28/2022 16:00:00,13.5
6/29/2022 16:00:00,13.03
6/30/2022 16:00:00,12.68
7/1/2022 16:00:00,13.13
7/5/2022 16:00:00,13.88
7/6/2022 16:00:00,13.89
7/7/2022 16:00:00,14.1
7/8/2022 16:00:00,13.97
7/11/2022 16:00:00,13.43
7/12/2022 16:00:00,14.77
7/13/2022 16:00:00,14.31
7/14/2022 16:00:00,14.25
7/15/2022 16:00:00,14.47
7/18/2022 16:00:00,14.54
7/19/2022 16:00:00,15.16
7/20/2022 16:00:00,15.21
7/21/2022 16:00:00,14.08
7/22/2022 16:00:00,13.68
7/25/2022 16:00:00,13.75
7/26/2022 16:00:00,13.43
7/27/2022 16:00:00,13.97
7/28/2022 16:00:00,13.76
7/29/2022 16:00:00,13.71
8/1/2022 16:00:00,14.28
8/2/2022 16:00:00,14.06
8/3/2022 16:00:00,14.63
8/4/2022 16:00:00,14.86
8/5/2022 16:00:00,14.74
8/8/2022 16:00:00,15.02
8/9/2022 16:00:00,14.62
8/10/2022 16:00:00,15.07
8/11/2022 16:00:00,14.99
8/12/2022 16:00:00,15.25
8/15/2022 16:00:00,15.33
8/16/2022 16:00:00,15.5
8/17/2022 16:00:00,14.96
8/18/2022 16:00:00,14.84
8/19/2022 16:00:00,14.17
8/22/2022 16:00:00,13.71
8/23/2022 16:00:00,13.82
8/24/2022 16:00:00,13.99
8/25/2022 16:00:00,14.42
8/26/2022 16:00:00,13.74
8/29/2022 16:00:00,13.51
8/30/2022 16:00:00,13.33
8/31/2022 16:00:00,12.99
9/1/2022 16:00:00,12.93
9/2/2022 16:00:00,12.99
9/6/2022 16:00:00,13.22
9/7/2022 16:00:00,13.89
9/8/2022 16:00:00,13.96
9/9/2022 16:00:00,14.19
9/12/2022 16:00:00,14.47
9/13/2022 16:00:00,13.68
9/14/2022 16:00:00,14.03
9/15/2022 16:00:00,14.27
9/16/2022 16:00:00,13.75
9/19/2022 16:00:00,14.21
9/20/2022 16:00:00,13.97
9/21/2022 16:00:00,13.23
9/22/2022 16:00:00,12.71
9/23/2022 16:00:00,12.21
9/26/2022 16:00:00,11.86
9/27/2022 16:00:00,12.27
9/28/2022 16:00:00,12.75
9/29/2022 16:00:00,12.25
9/30/2022 16:00:00,12.04
10/3/2022 16:00:00,11.92
10/4/2022 16:00:00,12.95
10/5/2022 16:00:00,12.87
10/6/2022 16:00:00,12.73
10/7/2022 16:00:00,12.18
10/10/2022 16:00:00,12.05
10/11/2022 16:00:00,12.26
10/12/2022 16:00:00,12.7
10/13/2022 16:00:00,13.05
10/14/2022 16:00:00,13.11
10/17/2022 16:00:00,13.2
10/18/2022 16:00:00,13.7
10/19/2022 16:00:00,13.99
10/20/2022 16:00:00,13.46
10/21/2022 16:00:00,13.71
10/24/2022 16:00:00,14.1
10/25/2022 16:00:00,14.29
10/26/2022 16:00:00,14
10/27/2022 16:00:00,13.97
10/28/2022 16:00:00,14
10/31/2022 16:00:00,14.18
11/1/2022 16:00:00,14.11
11/2/2022 16:00:00,13.58
11/3/2022 16:00:00,13.73
11/4/2022 16:00:00,14.11
11/7/2022 16:00:00,14.32
11/8/2022 16:00:00,14.25
11/9/2022 16:00:00,13.98
11/10/2022 16:00:00,14.93
11/11/2022 16:00:00,14.88
11/14/2022 16:00:00,14.68
11/15/2022 16:00:00,14.61
11/16/2022 16:00:00,14.09
11/17/2022 16:00:00,13.95
11/18/2022 16:00:00,14.05
11/21/2022 16:00:00,13.85
11/22/2022 16:00:00,13.98
11/23/2022 16:00:00,14.42
11/25/2022 13:05:00,14.5
11/28/2022 16:00:00,13.83
11/29/2022 16:00:00,14.14
11/30/2022 16:00:00,14.43
12/1/2022 16:00:00,13.98
12/2/2022 16:00:00,13.97
12/5/2022 16:00:00,14.11
12/6/2022 16:00:00,14.33
12/7/2022 16:00:00,13.55
12/8/2022 16:00:00,13.6
12/9/2022 16:00:00,13.53
12/12/2022 16:00:00,14.2
12/13/2022 16:00:00,13.46
12/14/2022 16:00:00,13.35
12/15/2022 16:00:00,12.93
12/16/2022 16:00:00,12.81
12/19/2022 16:00:00,12.48
12/20/2022 16:00:00,12.53
12/21/2022 16:00:00,13.03
12/22/2022 16:00:00,12.56
12/23/2022 16:00:00,12.71
12/27/2022 16:00:00,12.53
12/28/2022 16:00:00,12.32
12/29/2022 16:00:00,12.7
12/30/2022 16:00:00,12.72
1/3/2023 16:00:00,12.74
1/4/2023 16:00:00,13.59
1/5/2023 16:00:00,13.99
1/6/2023 16:00:00,14.18
1/9/2023 16:00:00,14.61
1/10/2023 16:00:00,15.19
1/11/2023 16:00:00,15.34
1/12/2023 16:00:00,16.83
1/13/2023 16:00:00,17.02
1/17/2023 16:00:00,17.08
1/18/2023 16:00:00,16.64
1/19/2023 16:00:00,16.28
1/20/2023 16:00:00,16.34
1/23/2023 16:00:00,16.17
1/24/2023 16:00:00,16.02
1/25/2023 16:00:00,16.26
1/26/2023 16:00:00,16.61
1/27/2023 16:00:00,16.43
1/30/2023 16:00:00,15.96
1/31/2023 16:00:00,16.14
2/1/2023 16:00:00,16.69
2/2/2023 16:00:00,17.06
2/3/2023 16:00:00,17.02
2/6/2023 16:00:00,16.92
2/7/2023 16:00:00,16.96
2/8/2023 16:00:00,16.97
2/9/2023 16:00:00,16.66
2/10/2023 16:00:00,16.28
2/13/2023 16:00:00,16.51
2/14/2023 16:00:00,16.79
2/15/2023 16:00:00,16.8
2/16/2023 16:00:00,16.39
2/17/2023 16:00:00,16.36
2/21/2023 16:00:00,15.69
2/22/2023 16:00:00,15.56
2/23/2023 16:00:00,15.87
2/24/2023 16:00:00,15.56
2/27/2023 16:00:00,15.63
2/28/2023 16:00:00,15.98
3/1/2023 16:00:00,16.03
3/2/2023 16:00:00,16.12
3/3/2023 16:00:00,16.36
3/6/2023 16:00:00,16.12
3/7/2023 16:00:00,16.36
3/8/2023 16:00:00,16.59
3/9/2023 16:00:00,15.88
3/10/2023 16:00:00,15.46
3/13/2023 16:00:00,14.85
3/14/2023 16:00:00,14.66
3/15/2023 16:00:00,13.86
3/16/2023 16:00:00,14.12
3/17/2023 16:00:00,13.98
3/20/2023 16:00:00,13.96
3/21/2023 16:00:00,14.37
3/22/2023 16:00:00,13.82
3/23/2023 16:00:00,13.63
3/24/2023 16:00:00,13.72
3/27/2023 16:00:00,13.94
3/28/2023 16:00:00,13.98
3/29/2023 16:00:00,14.35
3/30/2023 16:00:00,14.47
3/31/2023 16:00:00,14.75
4/3/2023 16:00:00,14.42
4/4/2023 16:00:00,14.16
4/5/2023 16:00:00,13.89
4/6/2023 16:00:00,14.01
4/10/2023 16:00:00,14.15
4/11/2023 16:00:00,14.32
4/12/2023 16:00:00,13
4/13/2023 16:00:00,12.95
4/14/2023 16:00:00,12.79
4/17/2023 16:00:00,13.1
4/18/2023 16:00:00,13.29
4/19/2023 16:00:00,13.63
4/20/2023 16:00:00,13.32
4/21/2023 16:00:00,13.4
4/24/2023 16:00:00,13.32
4/25/2023 16:00:00,12.84
4/26/2023 16:00:00,12.74
4/27/2023 16:00:00,12.88
4/28/2023 16:00:00,13.64
5/1/2023 16:00:00,13.89
5/2/2023 16:00:00,13.77
5/3/2023 16:00:00,13.79
5/4/2023 16:00:00,13.51
5/5/2023 16:00:00,13.87
5/8/2023 16:00:00,14.36
5/9/2023 16:00:00,14.47
5/10/2023 16:00:00,14.34
5/11/2023 16:00:00,14.07
5/12/2023 16:00:00,14.02
5/15/2023 16:00:00,14.28
5/16/2023 16:00:00,14.2
5/17/2023 16:00:00,14.91
5/18/2023 16:00:00,15.05
5/19/2023 16:00:00,14.82
5/22/2023 16:00:00,14.38
5/23/2023 16:00:00,14.07
5/24/2023 16:00:00,13.8
5/25/2023 16:00:00,14.38
5/26/2023 16:00:00,14.35
5/30/2023 16:00:00,14.62
5/31/2023 16:00:00,14.78
6/1/2023 16:00:00,14.7
6/2/2023 16:00:00,14.87
6/5/2023 16:00:00,14.81
6/6/2023 16:00:00,14.93
6/7/2023 16:00:00,15.16
6/8/2023 16:00:00,15.3
6/9/2023 16:00:00,15.57
6/12/2023 16:00:00,16.02
6/13/2023 16:00:00,16.31
6/14/2023 16:00:00,16.59
6/15/2023 16:00:00,16.65
6/16/2023 16:00:00,16.48
6/20/2023 16:00:00,16.32
6/21/2023 16:00:00,16.3
6/22/2023 16:00:00,16.36
6/23/2023 16:00:00,16.26
6/26/2023 16:00:00,16.44
6/27/2023 16:00:00,17.35
6/28/2023 16:00:00,17.55
6/29/2023 16:00:00,17.6
6/30/2023 16:00:00,17.94
7/3/2023 13:05:00,18.1
7/5/2023 16:00:00,18.32
7/6/2023 16:00:00,17.88
7/7/2023 16:00:00,18.35
7/10/2023 16:00:00,18.57
7/11/2023 16:00:00,18.8
7/12/2023 16:00:00,18.57
7/13/2023 16:00:00,18.45
7/14/2023 16:00:00,18.14
7/17/2023 16:00:00,18.18
7/18/2023 16:00:00,18.68
7/19/2023 16:00:00,18.6
7/20/2023 16:00:00,17.44
7/21/2023 16:00:00,17.42
7/24/2023 16:00:00,16.88
7/25/2023 16:00:00,16.65
7/26/2023 16:00:00,16.76
7/27/2023 16:00:00,16.57
7/28/2023 16:00:00,16.79
7/31/2023 16:00:00,16.75
8/1/2023 16:00:00,16.23
8/2/2023 16:00:00,15.95
8/3/2023 16:00:00,15.98
8/4/2023 16:00:00,15.84
8/7/2023 16:00:00,15.99
8/8/2023 16:00:00,16.18
8/9/2023 16:00:00,15.76
8/10/2023 16:00:00,15.76
8/11/2023 16:00:00,15.65
8/14/2023 16:00:00,15.88
8/15/2023 16:00:00,15.55
8/16/2023 16:00:00,15.44
8/17/2023 16:00:00,15.05
8/18/2023 16:00:00,15.04
8/21/2023 16:00:00,15.16
8/22/2023 16:00:00,14.83
8/23/2023 16:00:00,14.78
8/24/2023 16:00:00,14.57
8/25/2023 16:00:00,14.58
8/28/2023 16:00:00,14.73
8/29/2023 16:00:00,14.9
8/30/2023 16:00:00,14.77
8/31/2023 16:00:00,14.73
9/1/2023 16:00:00,14.68
9/5/2023 16:00:00,14.3
9/6/2023 16:00:00,14.33
9/7/2023 16:00:00,14
9/8/2023 16:00:00,13.98
9/11/2023 16:00:00,14.09
9/12/2023 16:00:00,14.11
9/13/2023 16:00:00,13.31
9/14/2023 16:00:00,13.26
9/15/2023 16:00:00,13.31
9/18/2023 16:00:00,13.11
9/19/2023 16:00:00,13.19
9/20/2023 16:00:00,13.06
9/21/2023 16:00:00,13.06
9/22/2023 16:00:00,12.9
9/25/2023 16:00:00,12.91
9/26/2023 16:00:00,12.7
9/27/2023 16:00:00,12.61
9/28/2023 16:00:00,12.92
9/29/2023 16:00:00,12.81
10/2/2023 16:00:00,12.75
10/3/2023 16:00:00,12.29
10/4/2023 16:00:00,12.73
10/5/2023 16:00:00,12.85
10/6/2023 16:00:00,12.76
10/9/2023 16:00:00,12.24
10/10/2023 16:00:00,12.26
10/11/2023 16:00:00,12.48
10/12/2023 16:00:00,12.06
10/13/2023 16:00:00,11.72
10/16/2023 16:00:00,11.94
10/17/2023 16:00:00,11.94
10/18/2023 16:00:00,11.36
10/19/2023 16:00:00,11.45
10/20/2023 16:00:00,11.08
10/23/2023 16:00:00,11.29
10/24/2023 16:00:00,11.21
10/25/2023 16:00:00,11.04
10/26/2023 16:00:00,11.15
10/27/2023 16:00:00,10.92
10/30/2023 16:00:00,11.18
10/31/2023 16:00:00,11.15
11/1/2023 16:00:00,11.14
11/2/2023 16:00:00,11.4
11/3/2023 16:00:00,11.98
11/6/2023 16:00:00,11.66
11/7/2023 16:00:00,11.75
11/8/2023 16:00:00,12.01
11/9/2023 16:00:00,11.75
11/10/2023 16:00:00,11.8
11/13/2023 16:00:00,11.78
11/14/2023 16:00:00,12.25
11/15/2023 16:00:00,12.42
11/16/2023 16:00:00,12.19
11/17/2023 16:00:00,12.29
11/20/2023 16:00:00,12.4
11/21/2023 16:00:00,12.13
11/22/2023 16:00:00,12.31
11/24/2023 13:05:00,12.31
11/27/2023 16:00:00,12.18
11/28/2023 16:00:00,12.17
11/29/2023 16:00:00,12.23
11/30/2023 16:00:00,12.43
12/1/2023 16:00:00,13.02
12/4/2023 16:00:00,13.35
12/5/2023 16:00:00,13.13
12/6/2023 16:00:00,13.48
12/7/2023 16:00:00,13.91
12/8/2023 16:00:00,13.76
12/11/2023 16:00:00,13.72
12/12/2023 16:00:00,14.04
12/13/2023 16:00:00,14.09
12/14/2023 16:00:00,14.59
12/15/2023 16:00:00,14.49
12/18/2023 16:00:00,14.24
12/19/2023 16:00:00,14.3
12/20/2023 16:00:00,13.98
12/21/2023 16:00:00,14.35
12/22/2023 16:00:00,14.31
12/26/2023 16:00:00,14.11
12/27/2023 16:00:00,13.99
12/28/2023 16:00:00,13.98
12/29/2023 16:00:00,13.74
1/2/2024 16:00:00,13.44
1/3/2024 16:00:00,12.95
1/4/2024 16:00:00,13.09
1/5/2024 16:00:00,13.6
1/8/2024 16:00:00,14.58
1/9/2024 16:00:00,14.38
1/10/2024 16:00:00,14.35
1/11/2024 16:00:00,14.59
1/12/2024 16:00:00,13.21
1/16/2024 16:00:00,13.19
1/17/2024 16:00:00,12.93
1/18/2024 16:00:00,13.82
1/19/2024 16:00:00,13.66
1/22/2024 16:00:00,13.62
1/23/2024 16:00:00,14
1/24/2024 16:00:00,13.93
1/25/2024 16:00:00,15.36
1/26/2024 16:00:00,15.13
1/29/2024 16:00:00,14.94
1/30/2024 16:00:00,14.53
1/31/2024 16:00:00,14.23
2/1/2024 16:00:00,14.34
2/2/2024 16:00:00,14.56
2/5/2024 16:00:00,14.26
2/6/2024 16:00:00,14.9
2/7/2024 16:00:00,14.91
2/8/2024 16:00:00,14.95
2/9/2024 16:00:00,14.88
2/12/2024 16:00:00,14.93
2/13/2024 16:00:00,14.61
2/14/2024 16:00:00,14.86
2/15/2024 16:00:00,14.9
2/16/2024 16:00:00,14.64
2/20/2024 16:00:00,14.7
2/21/2024 16:00:00,14.79
2/22/2024 16:00:00,15.24
2/23/2024 16:00:00,15.13
2/26/2024 16:00:00,15.28
2/27/2024 16:00:00,15.54
2/28/2024 16:00:00,15.46
2/29/2024 16:00:00,15.68
3/1/2024 16:00:00,15.66
3/4/2024 16:00:00,14.81
3/5/2024 16:00:00,14.67
3/6/2024 16:00:00,14.88
3/7/2024 16:00:00,14.9
3/8/2024 16:00:00,14.68
3/11/2024 16:00:00,14.65
3/12/2024 16:00:00,13.96
3/13/2024 16:00:00,14
3/14/2024 16:00:00,13.99
3/15/2024 16:00:00,13.96
3/18/2024 16:00:00,14.11
3/19/2024 16:00:00,13.93
3/20/2024 16:00:00,14.57
3/21/2024 16:00:00,14.78
3/22/2024 16:00:00,14.82
3/25/2024 16:00:00,14.92
3/26/2024 16:00:00,14.92
3/27/2024 16:00:00,15.3
3/28/2024 16:00:00,15.35
4/1/2024 16:00:00,15.41
4/2/2024 16:00:00,14.4
4/3/2024 16:00:00,14.16
4/4/2024 16:00:00,13.83
4/5/2024 16:00:00,13.76
4/8/2024 16:00:00,13.9
4/9/2024 16:00:00,13.95
4/10/2024 16:00:00,13.41
4/11/2024 16:00:00,13.62
4/12/2024 16:00:00,13.15
4/15/2024 16:00:00,12.94
4/16/2024 16:00:00,13.03
4/17/2024 16:00:00,13.89
4/18/2024 16:00:00,14.02
4/19/2024 16:00:00,14.11
4/22/2024 16:00:00,14.53
4/23/2024 16:00:00,14.23
4/24/2024 16:00:00,13.92
4/25/2024 16:00:00,14.13
4/26/2024 16:00:00,13.88
4/29/2024 16:00:00,13.98
4/30/2024 16:00:00,13.51
5/1/2024 16:00:00,13.58
5/2/2024 16:00:00,13.86
5/3/2024 16:00:00,13.85
5/6/2024 16:00:00,14.65
5/7/2024 16:00:00,14.25
5/8/2024 16:00:00,14.42
5/9/2024 16:00:00,14.48
5/10/2024 16:00:00,14.4
5/13/2024 16:00:00,14.93
5/14/2024 16:00:00,15.19
5/15/2024 16:00:00,14.94
5/16/2024 16:00:00,14.79
5/17/2024 16:00:00,14.73
5/20/2024 16:00:00,14.52
5/21/2024 16:00:00,14.03
5/22/2024 16:00:00,14.1
5/23/2024 16:00:00,13.82
5/24/2024 16:00:00,13.84
5/28/2024 16:00:00,13.44
5/29/2024 16:00:00,11.62
5/30/2024 16:00:00,11.44
5/31/2024 16:00:00,11.5
6/3/2024 16:00:00,11.53
6/4/2024 16:00:00,11.5
6/5/2024 16:00:00,11.62
6/6/2024 16:00:00,11.43
6/7/2024 16:00:00,11.5
6/10/2024 16:00:00,11.49
6/11/2024 16:00:00,11.28
6/12/2024 16:00:00,11.5
6/13/2024 16:00:00,11.44
6/14/2024 16:00:00,11.28
6/17/2024 16:00:00,11.44
6/18/2024 16:00:00,11.28
6/20/2024 16:00:00,11.24
6/21/2024 16:00:00,11.2
6/24/2024 16:00:00,11.16
6/25/2024 16:00:00,11.13
6/26/2024 16:00:00,11.12
6/27/2024 16:00:00,11.28
6/28/2024 16:00:00,11.33
7/1/2024 16:00:00,11.04
7/2/2024 16:00:00,11.05
7/3/2024 13:05:00,11.12
7/5/2024 16:00:00,11.04
7/8/2024 16:00:00,10.93
7/9/2024 16:00:00,10.98
7/10/2024 16:00:00,11.15
7/11/2024 16:00:00,10.73
7/12/2024 16:00:00,10.68
7/15/2024 16:00:00,10.63
7/16/2024 16:00:00,11.19
7/17/2024 16:00:00,11.01
7/18/2024 16:00:00,10.62
7/19/2024 16:00:00,10.58
7/22/2024 16:00:00,10.69
7/23/2024 16:00:00,10.48
7/24/2024 16:00:00,10.17
7/25/2024 16:00:00,10.6
7/26/2024 16:00:00,10.62
7/29/2024 16:00:00,10.43
7/30/2024 16:00:00,10.76
7/31/2024 16:00:00,10.64
8/1/2024 16:00:00,10.14
8/2/2024 16:00:00,9.63
8/5/2024 16:00:00,9.28
8/6/2024 16:00:00,9.31
8/7/2024 16:00:00,9.26
8/8/2024 16:00:00,9.89
8/9/2024 16:00:00,9.86
8/12/2024 16:00:00,9.61
8/13/2024 16:00:00,9.81
8/14/2024 16:00:00,9.74
8/15/2024 16:00:00,10.09
8/16/2024 16:00:00,10.05
8/19/2024 16:00:00,10.31
8/20/2024 16:00:00,10.29
8/21/2024 16:00:00,10.4
8/22/2024 16:00:00,10.14
8/23/2024 16:00:00,10.39
8/26/2024 16:00:00,10.21
8/27/2024 16:00:00,10.17
8/28/2024 16:00:00,10.15
8/29/2024 16:00:00,10.39
8/30/2024 16:00:00,10.62
9/3/2024 16:00:00,10.6
9/4/2024 16:00:00,10.63
9/5/2024 16:00:00,10.8
9/6/2024 16:00:00,10.8
9/9/2024 16:00:00,11.22
9/10/2024 16:00:00,10.99
9/11/2024 16:00:00,10.77
9/12/2024 16:00:00,10.88
9/13/2024 16:00:00,10.69
9/16/2024 16:00:00,10.81
9/17/2024 16:00:00,11.17
9/18/2024 16:00:00,11.03
9/19/2024 16:00:00,11.11
9/20/2024 16:00:00,11.01
9/23/2024 16:00:00,10.98
9/24/2024 16:00:00,11.04
9/25/2024 16:00:00,11
9/26/2024 16:00:00,11.79
9/27/2024 16:00:00,11.56
9/30/2024 16:00:00,11.24
10/1/2024 16:00:00,10.9
10/2/2024 16:00:00,10.74
10/3/2024 16:00:00,10.82
10/4/2024 16:00:00,11.51
10/7/2024 16:00:00,11.53
10/8/2024 16:00:00,11.92
10/9/2024 16:00:00,11.93
10/10/2024 16:00:00,11.76
10/11/2024 16:00:00,11.79
10/14/2024 16:00:00,11.87
10/15/2024 16:00:00,12.03
10/16/2024 16:00:00,12.89
10/17/2024 16:00:00,12.81
10/18/2024 16:00:00,13.09
10/21/2024 16:00:00,12.97
10/22/2024 16:00:00,12.96
10/23/2024 16:00:00,12.83
10/24/2024 16:00:00,12.78
10/25/2024 16:00:00,13.15
10/28/2024 16:00:00,13.6
10/29/2024 16:00:00,13.82
10/30/2024 16:00:00,13.94
10/31/2024 16:00:00,13.4
11/1/2024 16:00:00,13.54
11/4/2024 16:00:00,12.99
11/5/2024 16:00:00,13.19
11/6/2024 16:00:00,14
11/7/2024 16:00:00,13.62
11/8/2024 16:00:00,13.81
11/11/2024 16:00:00,14.16
11/12/2024 16:00:00,13.91
11/13/2024 16:00:00,14.01
11/14/2024 16:00:00,14.26
11/15/2024 16:00:00,14.39
11/18/2024 16:00:00,14.29
11/19/2024 16:00:00,14.33
11/20/2024 16:00:00,14.46
11/21/2024 16:00:00,14.2
11/22/2024 16:00:00,14.38
11/25/2024 16:00:00,14.92
11/26/2024 16:00:00,14.64
11/27/2024 16:00:00,14.64
11/29/2024 13:05:00,14.52
12/2/2024 16:00:00,14.61
12/3/2024 16:00:00,14.47
12/4/2024 16:00:00,14.88
12/5/2024 16:00:00,17.38
12/6/2024 16:00:00,17.4
12/9/2024 16:00:00,17.16
12/10/2024 16:00:00,17.49
12/11/2024 16:00:00,17.58
12/12/2024 16:00:00,17.24
12/13/2024 16:00:00,16.92
12/16/2024 16:00:00,16.52
12/17/2024 16:00:00,16.72
12/18/2024 16:00:00,16.47
12/19/2024 16:00:00,16.64
12/20/2024 16:00:00,16.88
12/23/2024 16:00:00,17.25
12/24/2024 13:05:00,17.35
12/26/2024 16:00:00,17.35
12/27/2024 16:00:00,17.35
12/30/2024 16:00:00,17.62
12/31/2024 16:00:00,17.43
1/2/2025 16:00:00,17
1/3/2025 16:00:00,16.97
1/6/2025 16:00:00,17.52
1/7/2025 16:00:00,17.69
1/8/2025 16:00:00,17.6
1/10/2025 16:00:00,18.38
1/13/2025 16:00:00,17.6
1/14/2025 16:00:00,18.21
1/15/2025 16:00:00,18.07
1/16/2025 16:00:00,18.29
1/17/2025 16:00:00,18.27
1/21/2025 16:00:00,18.64
1/22/2025 16:00:00,18.66
1/23/2025 16:00:00,17.03
1/24/2025 16:00:00,16.96
1/27/2025 16:00:00,17.2
1/28/2025 16:00:00,17.15
1/29/2025 16:00:00,17.33
1/30/2025 16:00:00,16.9
1/31/2025 16:00:00,16.92
2/3/2025 16:00:00,16.7
2/4/2025 16:00:00,16.84
2/5/2025 16:00:00,16.96
2/6/2025 16:00:00,17.06
2/7/2025 16:00:00,17.17
2/10/2025 16:00:00,16.62
2/11/2025 16:00:00,16.41
2/12/2025 16:00:00,16.26
2/13/2025 16:00:00,15.74
2/14/2025 16:00:00,15.97
2/18/2025 16:00:00,16.08
2/19/2025 16:00:00,16
2/20/2025 16:00:00,15.86
2/21/2025 16:00:00,15.23
2/24/2025 16:00:00,15.31
2/25/2025 16:00:00,15.13
2/26/2025 16:00:00,15.18
2/27/2025 16:00:00,14.53
2/28/2025 16:00:00,14.35
3/3/2025 16:00:00,13.87
3/4/2025 16:00:00,13.35
3/5/2025 16:00:00,14.09
3/6/2025 16:00:00,13.25
3/7/2025 16:00:00,13.03
3/10/2025 16:00:00,12.5
3/11/2025 16:00:00,11.46
3/12/2025 16:00:00,10.93
3/13/2025 16:00:00,10.67
3/14/2025 16:00:00,10.87
3/17/2025 16:00:00,11.32
3/18/2025 16:00:00,11.07
3/19/2025 16:00:00,11.48
3/20/2025 16:00:00,11.26
3/21/2025 16:00:00,11.39
3/24/2025 16:00:00,11.83
3/25/2025 16:00:00,11.51
3/26/2025 16:00:00,11.44
3/27/2025 16:00:00,11.14
3/28/2025 16:00:00,10.7
3/31/2025 16:00:00,10.55
4/1/2025 16:00:00,10.3
4/2/2025 16:00:00,10.59
4/3/2025 16:00:00,9.51
4/4/2025 16:00:00,9.46
4/7/2025 16:00:00,9.71
4/8/2025 16:00:00,9.07
4/9/2025 16:00:00,11.12
4/10/2025 16:00:00,9.51
4/11/2025 16:00:00,9.67
4/14/2025 16:00:00,9.58
4/15/2025 16:00:00,9.85
4/16/2025 16:00:00,9.42
4/17/2025 16:00:00,9.46
4/21/2025 16:00:00,9.07
4/22/2025 16:00:00,9.31
4/23/2025 16:00:00,9.32
4/24/2025 16:00:00,9.61
4/25/2025 16:00:00,9.75
4/28/2025 16:00:00,9.85
4/29/2025 16:00:00,9.9
4/30/2025 16:00:00,9.95
5/1/2025 16:00:00,10.03
5/2/2025 16:00:00,10.52
5/5/2025 16:00:00,10.66
5/6/2025 16:00:00,10.43
5/7/2025 16:00:00,10.56
5/8/2025 16:00:00,11.03
5/9/2025 16:00:00,11.11
5/12/2025 16:00:00,11.67
5/13/2025 16:00:00,12.3
5/14/2025 16:00:00,11.84
5/15/2025 16:00:00,11.76
5/16/2025 16:00:00,11.86
5/19/2025 16:00:00,11.86
5/20/2025 16:00:00,11.65
5/21/2025 16:00:00,11.24
5/22/2025 16:00:00,11.24
5/23/2025 16:00:00,11.19
5/27/2025 16:00:00,11.64
5/28/2025 16:00:00,11.43
5/29/2025 16:00:00,11.4
5/30/2025 16:00:00,11.41
6/2/2025 16:00:00,11.38
6/3/2025 16:00:00,11.47
6/4/2025 16:00:00,11.42
6/5/2025 16:00:00,11.27
6/6/2025 16:00:00,11.78
6/9/2025 16:00:00,11.76
6/10/2025 16:00:00,11.84
6/11/2025 16:00:00,11.06
6/12/2025 16:00:00,10.9
6/13/2025 16:00:00,10.37
6/16/2025 16:00:00,10.9
6/17/2025 16:00:00,10.56
6/18/2025 16:00:00,10.58
6/20/2025 16:00:00,10.62
6/23/2025 16:00:00,10.9
6/24/2025 16:00:00,11.37
6/25/2025 16:00:00,11.06
6/26/2025 16:00:00,11.13
6/27/2025 16:00:00,11.28
6/30/2025 16:00:00,11.22
7/1/2025 16:00:00,11.52
7/2/2025 16:00:00,11.63
7/3/2025 13:05:00,11.69
7/7/2025 16:00:00,11.59
7/8/2025 16:00:00,11.58
7/9/2025 16:00:00,11.48
7/10/2025 16:00:00,12.94
7/11/2025 16:00:00,12.22
7/14/2025 16:00:00,12.38
7/15/2025 16:00:00,12.17
7/16/2025 16:00:00,12.27
7/17/2025 16:00:00,12.45
7/18/2025 16:00:00,12.51
7/21/2025 16:00:00,12.32
7/22/2025 16:00:00,12.5
7/23/2025 16:00:00,12.68
7/24/2025 16:00:00,11.46
7/25/2025 16:00:00,11.5
7/28/2025 16:00:00,11.58
7/29/2025 16:00:00,11.42
7/30/2025 16:00:00,11.51
7/31/2025 16:00:00,11.49
8/1/2025 16:00:00,11.03
8/4/2025 16:00:00,11.27
8/5/2025 16:00:00,11.64
8/6/2025 16:00:00,11.74
8/7/2025 16:00:00,11.73
8/8/2025 16:00:00,11.62
8/11/2025 16:00:00,11.58
8/12/2025 16:00:00,12.98
8/13/2025 16:00:00,13.11
8/14/2025 16:00:00,12.82
8/15/2025 16:00:00,13.17
8/18/2025 16:00:00,13.17
8/19/2025 16:00:00,13.22
8/20/2025 16:00:00,12.8
8/21/2025 16:00:00,12.57
8/22/2025 16:00:00,13.55
8/25/2025 16:00:00,13
8/26/2025 16:00:00,13.15
8/27/2025 16:00:00,13.13
8/28/2025 16:00:00,13.25
8/29/2025 16:00:00,13.37
9/2/2025 16:00:00,13.39
9/3/2025 16:00:00,13.44
9/4/2025 16:00:00,12.86
9/5/2025 16:00:00,13.08
9/8/2025 16:00:00,12.95
9/9/2025 16:00:00,12.76
9/10/2025 16:00:00,12.82
9/11/2025 16:00:00,12.95
9/12/2025 16:00:00,12.91
9/15/2025 16:00:00,12.53
9/16/2025 16:00:00,12.41
9/17/2025 16:00:00,12.48
9/18/2025 16:00:00,12.58
9/19/2025 16:00:00,12.45
9/22/2025 16:00:00,12.33
9/23/2025 16:00:00,12.19
9/24/2025 16:00:00,11.94
9/25/2025 16:00:00,11.39
9/26/2025 16:00:00,11.31
9/29/2025 16:00:00,11.38
9/30/2025 16:00:00,11.24
10/1/2025 16:00:00,11.27
10/2/2025 16:00:00,11.43
10/3/2025 16:00:00,11.58
10/6/2025 16:00:00,11.83
10/7/2025 16:00:00,11.66
10/8/2025 16:00:00,11.81
10/9/2025 16:00:00,11.62
10/10/2025 16:00:00,11.52
10/13/2025 16:00:00,11.74
10/14/2025 16:00:00,12.19
10/15/2025 16:00:00,12.5
10/16/2025 16:00:00,11.89
10/17/2025 16:00:00,11.86
10/20/2025 16:00:00,12.17
10/21/2025 16:00:00,12.35
10/22/2025 16:00:00,12.09
10/23/2025 16:00:00,12.77
10/24/2025 16:00:00,13.78
10/27/2025 16:00:00,13.41
10/28/2025 16:00:00,12.71
10/29/2025 16:00:00,12.97
10/30/2025 16:00:00,12.78
10/31/2025 16:00:00,13.13
11/3/2025 16:00:00,13.34
11/4/2025 16:00:00,12.65
11/5/2025 16:00:00,13.42
11/6/2025 16:00:00,13.15
11/7/2025 16:00:00,13.65
11/10/2025 16:00:00,13.31
11/11/2025 16:00:00,12.99
11/12/2025 16:00:00,13.46
11/13/2025 16:00:00,13.07
11/14/2025 16:00:00,12.76
11/17/2025 16:00:00,12.34
11/18/2025 16:00:00,12.36
11/19/2025 16:00:00,12.33
11/20/2025 16:00:00,12.24
11/21/2025 16:00:00,12.87
11/24/2025 16:00:00,13.1
11/25/2025 16:00:00,13.46
11/26/2025 16:00:00,13.93
11/28/2025 13:05:00,14.05
12/1/2025 16:00:00,13.96
12/2/2025 16:00:00,14.24
12/3/2025 16:00:00,14.56
12/4/2025 16:00:00,14.34
12/5/2025 16:00:00,14.81
12/8/2025 16:00:00,14.86
12/9/2025 16:00:00,15.03
12/10/2025 16:00:00,15.14
12/11/2025 16:00:00,14.96
12/12/2025 16:00:00,14.96
12/15/2025 16:00:00,15.33
12/16/2025 16:00:00,15.99
12/17/2025 16:00:00,15.51
12/18/2025 16:00:00,15.61
12/19/2025 16:00:00,15.78
12/22/2025 16:00:00,16.26
12/23/2025 16:00:00,15.6
12/24/2025 13:05:00,15.68
12/26/2025 16:00:00,15.44
12/29/2025 16:00:00,15.14
12/30/2025 16:00:00,15.33
12/31/2025 16:00:00,15.33
1/2/2026 16:00:00,15.48
1/5/2026 16:00:00,15.83
1/6/2026 16:00:00,15.67
1/7/2026 16:00:00,15.99
1/8/2026 16:00:00,15.73
1/9/2026 16:00:00,15.99
1/12/2026 16:00:00,16
1/13/2026 16:00:00,15.35
1/14/2026 16:00:00,15.14
1/15/2026 16:00:00,15.71
1/16/2026 16:00:00,15.37
1/20/2026 16:00:00,14.79
1/21/2026 16:00:00,15.15
1/22/2026 16:00:00,15.02
1/23/2026 16:00:00,14.67
1/26/2026 16:00:00,14.57
1/27/2026 16:00:00,13.55
1/28/2026 16:00:00,13.44
1/29/2026 16:00:00,13.51
1/30/2026 16:00:00,13.3
2/2/2026 16:00:00,13.69
2/3/2026 16:00:00,14.01
2/4/2026 16:00:00,14.43
2/5/2026 16:00:00,14.16
2/6/2026 16:00:00,15.24
2/9/2026 16:00:00,14.99
2/10/2026 16:00:00,15.1
2/11/2026 16:00:00,14.35
2/12/2026 16:00:00,14.05
2/13/2026 16:00:00,13.88
2/17/2026 16:00:00,14.4
2/18/2026 16:00:00,14.1
2/19/2026 16:00:00,13.35
2/20/2026 16:00:00,13.59
2/23/2026 16:00:00,12.93
2/24/2026 16:00:00,13.15
2/25/2026 16:00:00,13.32
2/26/2026 16:00:00,13.94
2/27/2026 16:00:00,13.07
3/2/2026 16:00:00,12.52
3/3/2026 16:00:00,12.46
3/4/2026 16:00:00,12.46
3/5/2026 16:00:00,11.79
3/6/2026 16:00:00,11.18
3/9/2026 16:00:00,11.44
3/10/2026 16:00:00,11.11
3/11/2026 16:00:00,11.04
3/12/2026 16:00:00,10.55
3/13/2026 16:00:00,10.3
3/16/2026 16:00:00,10.49
3/17/2026 16:00:00,10.86
3/18/2026 16:00:00,10.8
3/19/2026 16:00:00,10.8
3/20/2026 16:00:00,10.43